name,number,reference,citation,dvalue,newk,newknum,refage,C&D,C&D_p,K&D,K&D_p,K&C,K&C_p,K&A,K&A_p,D&A,D&A_P
quantum_electrodynamics,119200,26.387,36.285,0.044,0.07,0.085,-9.281,-0.04105136860112257,1.2366941150561722e-45,0.006837239724419511,0.018246186321637117,0.04585143763432371,1.68707337705625e-56,0.011488912352824041,7.28817014383617e-05,-0.169730384171257,0.0
mathematical_physics,36135,21.377,32.183,0.039,0.155,0.199,-11.46,-0.039831659576530926,3.6071635005632044e-14,-0.00011235524631156724,0.9829607917733186,0.05568389203980345,3.2140768339252825e-26,0.018613072809901352,0.00040258735793434486,-0.11747305212725861,3.322649776442224e-111
virology,501975,33.82,42.737,0.016,0.115,0.142,-8.188,-0.043377828005346335,1.3136719454673893e-207,0.02597398474611632,1.18295410613342e-75,0.029452510019419318,9.695821668449486e-97,-0.022057029802848196,4.597491974617473e-55,-0.023995889728771497,7.730698980959562e-65
clinical_psychology,274962,35.13,47.816,0.024,0.105,0.124,-10.027,-0.0412374482724155,8.843414177568215e-104,0.029572682881256737,2.955147723727485e-54,0.033611313410885184,1.459852162369947e-69,0.026626557064743962,2.565863391249716e-44,-0.0317550118884487,2.7629334697703264e-62
pediatrics,192168,25.606,41.3,0.029,0.177,0.222,-9.286,-0.0469689980795659,2.6871640340327346e-94,0.014703132531840735,1.1505717990348412e-10,0.011913427915965535,1.7639272231317742e-07,-0.009870654096779998,1.511038949983006e-05,-0.030220780723098074,4.463303376796714e-40
general_surgery,145405,26.154,36.695,0.024,0.182,0.235,-9.226,-0.052013340042587106,1.1699308932183897e-87,0.02610234433726501,2.3992333140665387e-23,0.03638092581496358,8.70168217167663e-44,-0.021442785881047498,2.8995083524903693e-16,-0.03561700208840307,4.870454160254428e-42
criminology,29472,29.619,34.196,0.067,0.278,0.38,-11.501,-0.07837035385068475,2.2152618913538137e-41,0.01899204057067928,0.0011117776557910389,0.035608424826772116,9.67239843961427e-10,-0.0011688253531687816,0.8409733456794076,-0.021258349971906024,0.00026247938780330074
reliability_engineering,39228,16.982,26.955,0.108,0.306,0.432,-8.726,-0.1012185949279746,7.6196963882127165e-90,0.00878047494469122,0.08202698660806872,0.03992093925394804,2.5808047377855448e-15,0.04227753867220976,5.4297114680794766e-17,0.03175539322091781,3.1567511163577724e-10
environmental_resource_management,112876,31.687,42.236,0.066,0.198,0.266,-8.689,-0.06277592525062725,6.245163973710593e-99,0.03882755760322372,6.381505572202492e-39,0.017192812316066862,7.620882645682292e-09,-0.03364119812102333,1.2322779348738187e-29,-0.02053416199089962,5.217918320200637e-12
computer_engineering,8700,17.976,31.409,0.094,0.545,0.943,-7.419,-0.04376726324768094,4.4322579313618405e-05,0.012374024159566661,0.2484794755839396,0.03972543532010378,0.00021033204790965276,0.02261470648523288,0.0349164485984905,-0.010433796456001747,0.33051036621499263
food_science,173628,25.025,29.634,0.102,0.169,0.215,-10.735,-0.1176211622656439,0.0,-0.0069572592931513725,0.0037433907922967717,0.030265506880547008,1.766980399628751e-36,0.015242104816826856,2.1321279240705296e-10,0.07664503805701298,1.831360345723111e-224
psychiatry,337898,35.106,45.043,0.026,0.107,0.129,-9.5,-0.03085442187869342,5.790182406447409e-72,0.02981306493674425,2.613608986670555e-67,0.024540890527435195,3.490189830471746e-46,-0.012942631305098831,5.3243901757193656e-14,-0.02592071502879808,2.55394785246561e-51
statistical_physics,64246,26.739,40.712,0.038,0.233,0.311,-12.031,-0.01932714697207576,9.62401421299069e-07,-0.0004446027740138453,0.9102760400683522,0.054919047012183406,4.136800463093728e-44,0.070619554582141,7.967472087898319e-72,-0.0974518071009155,2.4571484847089342e-135
political_economy,46696,28.798,36.719,0.105,0.206,0.262,-12.116,-0.06202635898280042,4.873481947490204e-41,0.022560261692434233,1.0848099572110376e-06,0.056788434845663774,1.143733273164305e-34,-0.022751431212490996,8.791642353385876e-07,-0.021689466755181783,2.767538481023145e-06
risk_analysis,20240,27.978,34.861,0.098,0.448,0.729,-8.319,-0.08662234405760122,5.120633878599218e-35,-0.009898672303952331,0.15907024654477334,0.06951088090979418,4.1422181004361285e-23,0.01581651360904157,0.024437819221061346,-0.01758312833556641,0.012365307107526197
economic_history,6130,27.939,26.873,0.197,0.38,0.586,-15.48,-0.03515678276881413,0.005907609151634118,-0.04730211468615836,0.00021155323352026512,0.03632058192251828,0.004454356201488181,-0.014984355016313636,0.2407892167861901,0.03435589821588149,0.0071426950161920105
nursing,228898,23.421,28.678,0.078,0.118,0.151,-8.121,-0.06249121638966028,8.782578444137348e-197,0.02043489420546813,1.4037454435444057e-22,0.017763025474877434,1.911664782393196e-17,-0.02314470636874045,1.666022856777461e-28,-0.0054132643969164815,0.009600705378396907
archaeology,50575,27.327,24.964,0.063,0.286,0.432,-15.224,-0.058229761280127704,3.0413852752358166e-39,0.0060506162240357,0.17361009029976282,0.030922118295202538,3.5123591616008617e-12,0.009374171751106566,0.03501879303548278,-0.0651593963872955,1.0206061353658358e-48
management,44733,29.961,45.139,0.095,0.257,0.351,-10.896,-0.05427398318067265,1.5300910493675513e-30,0.035499173445482035,5.89941371343966e-14,0.051414010031109306,1.4192378938915906e-27,0.019730194657024434,3.002709783490925e-05,0.022522993060196804,1.8967571647894798e-06
mechanics,208332,17.956,26.037,0.086,0.097,0.12,-12.982,-0.08798412164909415,0.0,0.00438439430687864,0.04537253672122831,0.049651044457561425,7.682450917936715e-114,0.04237624024539339,2.0174634648805504e-83,-0.027854061400514937,4.8232758263370726e-37
economic_system,33287,30.737,38.301,0.084,0.249,0.334,-10.174,-0.07465515521707594,2.3427017760668106e-42,0.007348310769999136,0.18003513417181194,0.04810212328954923,1.622388516158327e-18,-0.006111760503491629,0.26483223063549916,0.012605791379335204,0.021454055624244472
data_mining,206040,24.451,42.826,0.066,0.189,0.256,-7.766,-0.03999153867524775,1.0709272066335603e-73,-0.0017170898423092308,0.43573770505638254,0.04359942520491708,2.9897302830181063e-87,-0.00045656071944623735,0.8358231309071849,0.04550452434889271,7.034596750972248e-95
commerce,19945,27.844,38.575,0.12,0.347,0.51,-8.757,-0.08475504488900734,3.984469722696695e-33,-0.022280011236864766,0.001651088516443864,0.07791661424466359,3.061362960377988e-28,-0.020752044847572378,0.0033800753488012563,0.05031101432384417,1.1661713704175632e-12
knowledge_management,134096,30.619,40.519,0.076,0.159,0.209,-8.953,-0.05525962974289385,3.4898351190401585e-91,0.018024916146532913,4.082820262657787e-11,0.04464329411935066,3.9429032667864617e-60,0.04174592229578723,8.446728669636077e-53,0.046685867679102225,1.3591861281115497e-65
petrology,21622,46.21,43.371,0.019,0.185,0.266,-12.196,-0.034385066936902124,4.2517135538658465e-07,0.08446572406427219,1.551360496863054e-35,0.020416957403404868,0.0026791738815804315,0.07216870284805266,2.2744471256800526e-26,-0.037780677581864305,2.7430524726542682e-08
geochemistry,114551,40.855,44.805,0.016,0.093,0.121,-12.15,-0.04234565092784683,1.2606549081646498e-46,0.03637910410436322,7.374753896886874e-35,0.02368888382508418,1.0692997024227172e-15,0.02398248985447411,4.737545677437411e-16,-0.03577357799588145,9.185697475926639e-34
cartography,19021,22.365,26.338,0.113,0.449,0.793,-11.168,-0.08100064629128473,4.616555441884343e-29,-0.02721357298384068,0.00017427603814135627,0.04165668055505616,9.069773916778002e-09,-0.02938884561917811,5.038797960439776e-05,-0.057115315700686634,3.194341139820877e-15
ophthalmology,48602,24.913,33.744,0.02,0.232,0.315,-10.009,-0.051871975641500145,2.54818088108421e-30,0.041261012978610234,9.034282312633825e-20,0.01927833414078435,2.1342677164753423e-05,-0.02365926784615527,1.82350001819447e-07,-0.05764470946215824,4.666040176919035e-37
mathematical_economics,33246,22.038,44.111,0.016,0.287,0.412,-13.805,-0.019880210730356267,0.000288875026917315,0.025931572206614118,2.2579861094044457e-06,0.07074452733961126,3.7096887342037025e-38,0.0717760398278085,3.136545878672654e-39,-0.025035253641793924,4.986777355894602e-06
orthodontics,51099,24.684,31.485,0.036,0.266,0.364,-12.708,-0.08240688994290879,1.0584275163980307e-77,0.012230894063859628,0.005695069984366557,0.043646189884486035,5.576190910299005e-23,0.03554307978902987,9.214949981952348e-16,-0.04951427010909037,4.1078392588091715e-29
embedded_system,114857,21.27,30.272,0.169,0.178,0.227,-6.229,-0.1271120666955986,0.0,-0.010010614550020905,0.0006920705442004804,0.06082966904264178,1.3480973020207408e-94,-0.014934982279841066,4.1536844143090377e-07,-0.0006515912450166892,0.8252282791312854
law,80738,22.786,24.409,0.131,0.213,0.315,-12.51,-0.05806824985046602,2.9364327426633962e-61,-0.010257065337902528,0.0035623770548945458,0.05362242919899525,1.717330759836177e-52,0.006087932610324843,0.0836587269207984,-0.04049013842011636,1.1804546093957431e-30
positive_economics,12157,34.553,59.699,0.05,0.43,0.662,-13.652,-0.05180366462880737,1.0966586041417838e-08,-0.004088866828198871,0.6521416147301125,0.06525672767897604,5.930751685801103e-13,0.051007153967032766,1.832948274222173e-08,-0.012610213910518808,0.16443804423099767
applied_psychology,52538,29.944,53.862,0.054,0.232,0.303,-10.416,-0.03832491577138441,1.5287321343459155e-18,0.014566648003976314,0.0008409759598835139,0.030473409687605313,2.821940809098451e-12,0.03704857416220339,1.9847819343086675e-17,-0.009878199779818738,0.023561800861114382
control_engineering,213345,17.453,25.608,0.078,0.123,0.156,-8.633,-0.07576744939234417,4.389918068534342e-269,0.04100237871846649,4.713970213888302e-80,0.029577047707889298,1.65809727723837e-42,-0.001152940275364344,0.5943576398430591,-0.038678224439249766,1.956596481199794e-71
regional_science,6579,26.252,30.671,0.102,0.487,0.822,-10.125,-0.0723600123550573,4.208480668871474e-09,-0.028410279083702698,0.0211993931602748,0.030554992325477214,0.01319528399544821,0.01670139078998999,0.17557559032735348,0.004155473865702268,0.7361227834380425
geodesy,24116,20.706,34.355,0.045,0.283,0.402,-10.115,-0.058636347759103334,7.998758364712643e-20,0.025186711520978008,9.16317994051513e-05,0.01906380043710711,0.0030704491839144894,0.008837735265439574,0.16994004638481844,-0.03092853523187193,1.5560955166994144e-06
electronic_engineering,773770,15.541,26.345,0.13,0.054,0.063,-7.551,-0.07868839150287177,0.0,0.004166972115646868,0.00024690061237028944,0.022184942436426155,7.845525226627204e-85,-0.01725217752258102,5.0342525711472395e-52,-0.013672388382604813,2.552235905341858e-33
public_administration,76508,23.769,30.261,0.114,0.164,0.204,-10.236,-0.0775148119432679,2.807375197852941e-102,0.028664035498526617,2.1915515767142563e-15,0.032660760274854636,1.6213086440106858e-19,0.01557033133520728,1.6551597586033122e-05,0.009120488628964212,0.01164425878831835
advertising,67789,28.509,42.425,0.092,0.249,0.348,-10.187,-0.09413670934176153,3.0767398956787783e-133,0.016513749580297846,1.7096257813363564e-05,0.055178795409972156,7.192970205668761e-47,0.02153013080268147,2.068165759099226e-08,0.060915005957503175,9.520264671065895e-57
urology,79649,23.38,36.072,0.019,0.224,0.301,-8.841,-0.04429736862490413,6.783045162905504e-36,0.020740051335242052,4.80388221295351e-09,0.011288048110037228,0.0014436340382331474,-0.023612115693720494,2.652566100000061e-11,-0.04135633034542415,1.681547566939704e-31
astrobiology,13703,40.161,41.922,0.038,0.304,0.444,-9.761,-0.07563607619735221,7.593042973353398e-19,0.023616063408627118,0.005698821031593349,-0.006646464582505457,0.43658580179075984,0.023968201954041916,0.00501824356388487,-0.020666942755050842,0.015550146836367471
mathematics_education,96110,23.735,33.89,0.084,0.127,0.154,-10.714,-0.06404024286706042,6.881189737099873e-88,0.027231183153103522,3.0781144636629166e-17,0.028243165466485143,1.9968203247119842e-18,0.006007397555004899,0.06254916396398362,-0.014694745505981379,5.218786078370886e-06
classical_economics,1264,25.968,46.741,0.091,0.681,1.48,-13.528,-0.058193641332310274,0.03857876845789411,-0.07281333753827687,0.009608943432043686,0.06215527452625988,0.02712299613062734,-0.048949587653190144,0.08192666830590194,0.03343060187950727,0.23494893931253885
earth_science,7030,51.948,55.385,0.039,0.468,0.824,-11.399,-0.04808799269294473,5.493842286048476e-05,0.02550437997092608,0.03248553181115913,0.022925046354191667,0.054597771721229364,0.07418929785512143,4.727703751504863e-10,-0.021172444994628066,0.07588320077872945
human_computer_interaction,91290,24.445,35.813,0.097,0.224,0.296,-7.233,-0.07511843587555386,2.3545377630617377e-114,-0.02122992470358734,1.4073557836311007e-10,0.05335977188206516,1.4832099162098187e-58,-0.01177896887290011,0.0003722694414537272,0.0346611399873214,1.1182343242169546e-25
traditional_medicine,47439,24.439,27.263,0.15,0.387,0.595,-10.751,-0.1440462905609176,2.6383724419955674e-218,-0.04984713269116303,1.7217827032815038e-27,0.05869821157599836,1.7382597901649211e-37,-0.046348683933935576,5.5166264194404465e-24,0.05503952906958322,3.699252321287193e-33
seismology,64303,30.81,37.92,0.022,0.156,0.199,-11.111,-0.05484667032172893,4.908120223176242e-44,0.05012306551835258,4.698991400639362e-37,0.009205584169654158,0.01957690850734159,0.042945578218903664,1.2180704290451752e-27,-0.009056011399006508,0.021651359142498737
environmental_health,119424,29.588,44.593,0.045,0.204,0.275,-8.203,-0.05828740725110531,2.2094392956544424e-90,0.02466240801038595,1.5415253006723053e-17,0.018531793866935993,1.5070579036085098e-10,-0.029158323633206404,6.876373473744212e-24,-0.037442291029334815,2.552877829488482e-38
nuclear_engineering,31059,13.188,19.639,0.145,0.222,0.293,-9.682,-0.08928288612297205,5.35878728355619e-56,0.015348903611207408,0.006828911734561466,0.0031371250763249465,0.5803645200426713,0.025376203246640146,7.72266986546011e-06,-0.030905368693415647,5.102264384650999e-08
obstetrics,112850,24.392,36.427,0.024,0.196,0.255,-9.076,-0.06348190524691767,4.169450234674721e-101,0.028360603722379522,1.5875609653207008e-21,-0.004213061772428105,0.1569832115965924,0.00041908778719930385,0.8880411736406767,-0.02444151292547952,2.1787745766394116e-16
media_studies,23139,22.85,26.998,0.133,0.307,0.431,-12.668,-0.07708156956678797,7.752926967955757e-32,-0.0011884783730588848,0.8565435670719993,0.06390510821739191,2.2381653074903097e-22,-0.015365337703525741,0.019422998425916296,-0.06113988296880075,1.2964450198898138e-20
agricultural_science,6698,22.158,22.825,0.146,0.474,0.812,-9.951,-0.12249632750859996,8.19102389956538e-24,-0.02888927631744628,0.01805986822856245,0.03584744782952628,0.003344113137011995,-0.01282641680748167,0.29391217500685896,-0.09952571479795927,3.239193297861429e-16
combinatorial_chemistry,48253,35.248,32.45,0.093,0.278,0.37,-8.552,-0.06763920895482295,4.814091211203013e-50,-0.006890524187645953,0.13012979177550715,0.040551739060800465,5.045636636251411e-19,0.015975776299432108,0.00044901354337686033,-0.03532436379663818,8.37517361563791e-15
environmental_chemistry,156157,31.86,39.199,0.042,0.176,0.225,-9.747,-0.07351331486461293,4.921279735629631e-186,0.01740047622964014,6.131492914403075e-12,0.007114554508083739,0.004931866148696247,0.020128901797250937,1.7910109594744992e-15,-0.06799126181558132,2.267105901084532e-159
atomic_physics,341350,21.328,27.789,0.053,0.057,0.069,-10.244,-0.01576625712510083,3.20102170022259e-20,0.018797548044183057,4.591587804502154e-28,0.020258983562790288,2.4974000014805144e-32,0.028362456927040834,1.0728211879916943e-61,-0.10673062042582404,0.0
oceanography,82913,35.252,35.034,0.021,0.169,0.228,-11.543,-0.050961269284446595,8.232853726733873e-49,0.03383697347342569,1.9212460974392574e-22,-0.006028159611235996,0.0826036074872561,-0.02374545090011553,8.01536650040957e-12,-0.044556506890126024,1.0298793667677204e-37
toxicology,52956,34.49,38.837,0.038,0.407,0.616,-10.325,-0.06986685074750854,2.6703539194398765e-58,0.021007062775651432,1.3341330654080963e-06,0.001521768764323112,0.7262006420616759,0.03225175121081719,1.1399290483879566e-13,-0.043770352957440146,6.975463851595219e-24
welfare_economics,15458,25.215,45.648,0.038,0.432,0.693,-12.559,-0.02392774538951075,0.0029286742323692593,0.015233834083689158,0.05822733945432113,0.04515857663117375,1.943166279225787e-08,0.11933355053598446,3.897411233840142e-50,0.09192218660485849,2.2969786399395016e-30
polymer_chemistry,232690,21.44,25.381,0.123,0.071,0.083,-9.966,-0.08741822697543372,0.0,-0.001379068430543028,0.5059026862765527,0.03623969218204773,1.801912696067329e-68,0.0051050491859903555,0.013794370974110756,-0.03820810678250089,6.57816563271493e-76
algorithm,251759,18.966,38.192,0.057,0.166,0.227,-9.179,-0.03450066334685038,3.563988953047418e-67,-0.005400531205534378,0.0067332967101889785,0.050865442296416576,7.37989077072402e-144,0.034437715293638864,6.16938264936469e-67,0.064884120664014,5.651407376363651e-233
molecular_physics,38431,24.195,31.165,0.038,0.218,0.283,-10.527,-0.02402370380025532,2.4760541771575024e-06,0.015898327674591893,0.001828403747993399,0.03017056968213829,3.3038629656612396e-09,0.049904128746227155,1.2565604042754222e-22,-0.12433988809391186,3.114037043567779e-132
marine_engineering,51077,12.382,17.393,0.153,0.17,0.212,-14.249,-0.111913630109442,5.159560476810933e-142,0.007872651841651063,0.07520357628841948,0.027962702534206244,2.6035779979358906e-10,0.05252720940022866,1.5185760732432238e-32,-0.023842999823497812,7.077008708528995e-08
cell_biology,447274,52.691,77.847,0.011,0.104,0.129,-7.118,-0.03488180033339681,1.9355273638039875e-120,0.017490566514487573,1.3003426989002316e-31,0.06396950242662996,0.0,0.0039052211764067286,0.009007803804801272,0.0003836252425430185,0.7975166973108374
speech_recognition,102456,21.374,32.572,0.075,0.185,0.238,-8.295,-0.060739264056144215,2.4162346096909672e-84,0.010641307179242882,0.0006587289956546143,0.038568870861007576,4.879799689539904e-35,0.0018782389842338554,0.5477107844876424,0.04122215680801206,8.756509378747354e-40
labour_economics,74004,26.835,44.35,0.045,0.176,0.226,-10.388,-0.05785601349127004,6.665755629369395e-56,0.025796031888701765,2.242334223352929e-12,0.05517514087710211,5.36114512783973e-51,0.028058854901597846,2.2684968357590607e-14,0.024400944105711066,3.1618262923026245e-11
epistemology,75151,28.077,35.836,0.069,0.193,0.249,-15.929,-0.029524966140046797,5.702463621839646e-16,0.00756876825216056,0.03799827719128386,0.04972139137850995,2.358116196473964e-42,0.03732539896018874,1.372521944944326e-24,-0.0570776977603694,2.8566558180129964e-55
operating_system,70284,20.862,35.039,0.205,0.172,0.227,-5.476,-0.12362414488507623,2.20938204250456e-237,-0.042964257379389595,4.4095766034791225e-30,0.06969642678504494,2.0847882412984347e-76,0.024791993512940192,4.913585540843607e-11,0.0008991899566256449,0.8115854284493496
geomorphology,140592,36.532,37.778,0.017,0.122,0.172,-12.622,-0.053103580322385664,2.4513995713921935e-88,0.04270710209165226,9.198146027121086e-58,0.013772115781377246,2.4155153718189467e-07,0.03344827227101594,4.2326078572727605e-36,-0.038148536027926526,1.9197218240451213e-46
pure_mathematics,66385,16.643,24.993,0.021,0.127,0.167,-14.01,-0.021045138836917856,5.86598953243756e-08,0.0268200208961549,4.8000108238699044e-12,0.09597790879050379,1.2770515339973737e-135,0.045097162611615615,3.072023483219371e-31,-0.05237567631612894,1.4859979021748414e-41
medical_emergency,69068,22.71,30.421,0.066,0.257,0.344,-8.047,-0.07592745720996553,7.770126029439662e-89,0.021233583111298637,2.393021751239192e-08,0.024155984191979497,2.1644410674417168e-10,-0.026927748365748776,1.462701359869491e-12,-0.0053957434177804775,0.1561823762687389
economy,51685,25.607,32.494,0.104,0.249,0.354,-10.975,-0.0631351186735633,8.296112718295381e-47,0.00030511301460338196,0.9447000909210812,0.04398980716145523,1.4431974472844337e-23,0.012083639039606277,0.006011217708020263,0.017069382304880087,0.00010411366682703059
economic_growth,83886,24.46,31.149,0.117,0.172,0.214,-9.091,-0.07479610541522724,2.3721639506691652e-104,0.019182342289138794,2.7567066072229516e-08,0.040400887017471764,1.188267846841793e-31,0.0020821663385985375,0.5464746499866524,-0.021263419668967404,7.313839146880707e-10
classical_mechanics,243150,21.958,32.359,0.036,0.092,0.117,-13.367,-0.03346773229041906,3.237143360165874e-61,0.029650722348574958,1.9750018801019905e-48,0.047374456834565745,7.958236569459428e-121,0.058252039313132824,9.460930891800903e-182,-0.08806449994013155,0.0
computer_vision,415165,19.958,35.157,0.114,0.1,0.125,-7.544,-0.052389705377159965,3.943526629226073e-250,-0.01646857351244645,2.622667444332259e-26,0.03387635269937525,1.1068805295700626e-105,-0.02771097248979076,2.483581854621197e-71,0.04118550853290331,2.682254667568301e-155
water_resource_management,11279,21.198,26.78,0.122,0.328,0.493,-9.657,-0.08881156975066315,3.399518690756794e-21,0.012853953705321223,0.1722439788709802,0.023449299068692808,0.012758367654476277,-0.002677495879930558,0.7761604742536642,-0.061882770545601595,4.7781513947867966e-11
medical_physics,36527,28.65,38.77,0.045,0.357,0.529,-7.809,-0.05050610639154268,4.520867622933602e-22,0.008826186664596168,0.09163425973776636,0.039409721581758525,4.895707674876408e-14,-0.023192277425348087,9.29475097935602e-06,-0.04981496793487715,1.6307681111762021e-21
classics,8372,30.325,22.817,0.185,0.345,0.525,-22.06,-0.03664349541549469,0.0007980930474339504,-0.030931690160567658,0.004648083017166027,0.046252052893069245,2.299456969761567e-05,-0.011398489782074655,0.2970296343604499,-0.06067537888335317,2.7601980247152556e-08
database,120750,24.221,41.945,0.159,0.221,0.341,-5.897,-0.09790124128696656,7.03417011234286e-255,-0.08621997100401489,6.021113138756219e-198,0.08697144458296648,2.175802200834347e-201,-0.0651043719919268,1.4941711449107254e-113,0.052227783901738926,1.0530023896125994e-73
chromatography,643135,22.971,31.597,0.05,0.107,0.126,-9.899,-0.01800287663265802,2.954695710054228e-47,0.018487764440464367,9.710096430321365e-50,0.007753595404286781,5.03110375272422e-10,0.02155550283585211,5.7366631553075794e-67,-0.06729425004775659,0.0
social_science,178105,29.643,38.466,0.08,0.139,0.173,-12.447,-0.04369430382981246,5.335097897612591e-76,0.012695491014914182,8.415225263994189e-08,0.041833983089159615,8.141724288232089e-70,0.011578809263177732,1.025531226101342e-06,-0.04445615396167769,1.3101981755981799e-78
genetics,709150,40.662,65.547,0.01,0.127,0.163,-7.852,-0.014006697650113052,4.105552678758044e-32,0.019232781982198646,5.24372089962516e-59,0.03065762782061254,4.876206140786707e-147,-0.032217576216420026,3.5320354871418107e-162,-0.016257177574903255,1.1456994962920971e-42
psychoanalysis,17413,23.921,23.479,0.117,0.278,0.395,-16.772,-0.038598387604760406,3.489042399678251e-07,-0.019842090019894308,0.008834349492611044,0.06626776363032137,2.0669293860427302e-18,-0.00996869547444651,0.18837865579963148,-0.0341648693958641,6.503216894788147e-06
environmental_planning,23923,27.554,27.466,0.134,0.279,0.388,-8.543,-0.07308034320148066,1.0697231110995863e-29,0.010738957910331692,0.09672100800784264,0.03473039521995089,7.73892962870694e-08,-0.0033352589719117137,0.6059654328376933,-0.05000699948036251,1.0016147278270765e-14
automotive_engineering,171815,13.562,19.44,0.179,0.09,0.105,-10.274,-0.11360205338295978,0.0,0.006571529139656607,0.006450703841070607,0.027378246891470618,7.375237689685066e-30,0.020680021733020637,1.0096213266961177e-17,-0.00566465496639687,0.018872813947296976
operations_research,53884,22.68,37.405,0.076,0.322,0.465,-9.948,-0.05713050757264354,3.3560102474312645e-40,0.027654562850476745,1.3581629541079848e-10,0.038643500272528906,2.8741857384357007e-19,0.03314772596314204,1.3985044455918716e-14,0.018527363334950843,1.700192617138266e-05
internet_privacy,27462,23.393,42.738,0.11,0.357,0.54,-6.512,-0.08710779341841474,2.1044408553658568e-47,-0.018305734102862917,0.002415900806036691,0.07233055802088229,3.486972731609411e-33,-0.021562330905839498,0.0003522553927742962,-0.010365408267020152,0.0858534603886414
combinatorics,175477,16.161,30.76,0.016,0.113,0.148,-12.931,-0.02028557355293846,1.9216291712606857e-17,0.03356947560844198,6.135358156817651e-45,0.0814297569553297,7.373366619781563e-256,0.09083872640343876,3.942446e-318,-0.02873560828498645,2.1964849289419733e-33
economic_policy,16485,23.196,31.017,0.114,0.303,0.444,-8.994,-0.10625064503966658,1.3435799336303405e-42,0.011730843787273258,0.13203978901515823,0.04890291209002155,3.3398845282547746e-10,0.00272989514546099,0.725981477962647,0.0114633828083509,0.141084224076012
acoustics,233356,15.715,23.359,0.16,0.118,0.142,-11.039,-0.07123091332382803,4.0528703766828536e-260,-0.020022087107256756,3.927927193134658e-22,0.03840797189437651,6.712407827855108e-77,0.008131638109623675,8.558791810291328e-05,0.02382018994928816,1.1971306847009121e-30
astronomy,91067,39.717,37.631,0.037,0.087,0.125,-9.058,-0.03475682626535545,9.431521776766426e-26,0.03663539377630208,1.9799425272764993e-28,0.01034868351212061,0.0017902079613831166,-0.026680586445451092,8.091711151841825e-16,-0.0859285408473774,8.638100922331335e-149
agroforestry,66077,32.769,37.106,0.051,0.226,0.32,-11.028,-0.06048294229408425,1.3323051177418168e-54,0.02353289286932979,1.4488306924649006e-09,0.002080837511865781,0.5927335016061733,-0.013486155206999334,0.000526755301361054,-0.04777337261860798,1.0619444175686688e-34
financial_system,16400,27.994,48.738,0.063,0.217,0.295,-9.378,-0.06443305388544655,1.4639308306941399e-16,0.021368238020490496,0.006208272447810538,0.05608097712980875,6.624108877417841e-13,0.044767721556398105,9.722275763858794e-09,0.051257732108247744,5.099223564382645e-11
physical_therapy,458903,31.126,45.619,0.021,0.135,0.171,-9.564,-0.038060584481562916,1.078515791883685e-146,0.037715903347633944,4.397586347287313e-144,0.018436605277132208,8.420514517774388e-36,-0.01912062308578112,2.23273743535998e-38,-0.013060424975406671,8.926471792325485e-19
geophysics,122222,34.466,44.983,0.008,0.115,0.144,-10.678,-0.03500087676597555,1.8997758148324539e-34,0.04460405251022488,7.132794410471945e-55,0.029224765363021488,1.6279043410940472e-24,0.043374509067836416,5.517739726828531e-52,-0.03824534454782308,8.41660838107805e-41
industrial_organization,32767,30.798,54.828,0.055,0.275,0.382,-10.763,-0.03190601045435708,7.61496277522117e-09,0.03208108763057925,6.304180613615966e-09,0.05023491515946501,9.137753800544088e-20,0.07768733497101614,4.801049818115487e-45,0.06635742697014514,2.638950678739788e-33
metallurgy,346327,15.448,22.366,0.136,0.058,0.069,-10.615,-0.1194581368060999,0.0,0.014914812285902173,1.6676709077869859e-18,0.014529644397242615,1.2197230039056919e-17,-0.0020196886961445764,0.23460706421468994,-0.04150793399701687,6.804716463205127e-132
socioeconomics,40940,28.025,37.335,0.076,0.308,0.446,-10.004,-0.08738976353526617,3.184701893799675e-70,0.005959836439052887,0.22786936964473498,0.043034558940456304,3.0060751140271425e-18,-0.005744702663980512,0.245098891431709,-0.03284340521053169,2.991168156796325e-11
communication,86433,37.459,50.78,0.015,0.298,0.419,-11.904,-0.03682108233147158,2.5163292052878888e-27,0.03388048877707858,2.2037839659846928e-23,0.04301826903744302,1.0792234165767107e-36,0.04715399872468376,9.554157124958174e-44,-0.029304034322162976,6.8753727577684336e-18
evolutionary_biology,41699,50.783,69.866,0.012,0.392,0.628,-10.921,-0.028815831980753714,3.972497802671329e-09,-0.009202010327694528,0.06023567278112502,0.012473235545211087,0.010862262637362471,-0.00711886138775029,0.14603780788313328,-0.04611190878207054,4.470925109256166e-21
photochemistry,318900,29.027,29.215,0.033,0.085,0.103,-10.094,-0.02395130933198647,1.0764117884282096e-41,0.011916199243828744,1.70320815498152e-11,0.027966222267813607,3.3203376820812527e-56,0.02233368547089966,1.776174302986896e-36,-0.12797540127466156,0.0
operations_management,91173,24.92,42.244,0.069,0.233,0.311,-10.283,-0.0709555259964131,4.405163789615705e-102,0.04719922251762668,3.912812438557519e-46,0.021900116205747083,3.755577192616087e-11,0.05422679982027361,2.4259839461004922e-60,0.03164682498230546,1.2007792604247383e-21
aesthetics,11373,22.041,25.995,0.15,0.396,0.625,-15.369,-0.03485948306444423,0.00020057953426466503,-0.019737624908738656,0.0353019086836019,0.04569213681823346,1.0891055012848722e-06,0.037374726761370616,6.69830970348851e-05,-0.08491747206610867,1.1754677400616438e-19
library_science,19960,24.514,28.549,0.147,0.348,0.509,-9.375,-0.029877127807700736,2.42450999428297e-05,-0.006851244720063572,0.3330974800583657,0.029895551332069746,2.396643450027592e-05,-0.013308901734495462,0.06007464934043485,-0.05334008156465774,4.671841081328739e-14
telecommunications,73888,18.673,34.375,0.166,0.218,0.311,-6.778,-0.0854603204881857,8.457770435598061e-120,-0.009248509855143534,0.011937947483649507,0.02185672591427492,2.8194306329605747e-09,-0.08458967355479202,2.1104530639075883e-117,0.03325591853457432,1.537084521822658e-19
macroeconomics,39748,28.137,46.7,0.028,0.199,0.268,-11.005,-0.034792924607210486,3.962479864417078e-12,0.03839588804245691,1.8953905048035118e-14,0.04782317436989764,1.4336092972294377e-21,0.014239460198485508,0.00452605970558326,0.02140981053444892,1.9652065925365367e-05
marketing,169274,34.512,56.032,0.059,0.149,0.19,-10.665,-0.05972486400948239,1.452642972211931e-133,0.053388581869398634,4.36398297579115e-107,0.0445935048501226,2.9523492655620242e-75,0.0674750042038264,5.3209670300470974e-170,0.057216958255253615,9.948731941391136e-123
computer_hardware,195027,16.587,18.015,0.284,0.107,0.13,-6.888,-0.10438116688985298,0.0,-0.0202288939394943,4.0971615021536866e-19,0.03220900052844558,6.168229664923732e-46,-0.019010664016615348,4.612856601383163e-17,0.03232319679743546,2.9938356323729286e-46
financial_economics,57047,28.082,61.562,0.019,0.176,0.238,-11.234,-0.029309764072779427,2.5261277245884055e-12,0.03894708438322754,1.3317728823033475e-20,0.06108866596934616,2.6464174435917714e-48,0.06982786604729098,1.353855696075066e-62,0.011741588515096879,0.0050401481429720755
animal_science,76073,21.703,28.045,0.034,0.287,0.405,-12.015,-0.07114798695733396,5.996647046582954e-86,0.01004555063570498,0.005593228222540978,0.0424302802204948,1.1609623619108787e-31,0.03733088976612238,7.062394956323571e-25,-0.03488495765949333,6.300779573923884e-22
applied_mathematics,50219,19.056,35.1,0.034,0.242,0.329,-12.011,-0.01794465232958254,5.7816972147618695e-05,0.020113620683285045,6.552644760552739e-06,0.040121215275964975,2.375264162248447e-19,0.06332663374301517,8.512268586375051e-46,-0.04734283764232611,2.5372234378646969e-26
international_economics,23677,25.742,38.715,0.065,0.211,0.277,-9.252,-0.07173570578863428,2.1469910714517634e-28,0.011923629005216083,0.06655062897455918,0.035407892583000436,5.044032007861926e-08,0.03601007902763033,2.981910704623836e-08,0.042690708973156,4.977399561933233e-11
paleontology,117233,38.455,36.834,0.012,0.247,0.387,-15.493,-0.031292327204497455,8.490313014923932e-27,0.0037315081581444005,0.2013787603880099,0.023099481980099968,2.5723785408393347e-15,-0.08301470965957435,2.565834292647021e-178,-0.013816049188082068,2.2375299522849232e-06
nuclear_magnetic_resonance,235406,18.556,26.026,0.05,0.123,0.159,-9.512,-0.037724999627019556,6.876488051965285e-75,-0.004362959898916998,0.03427272062240535,0.05332628245139351,8.306374984725587e-148,0.04010970085218361,2.034571499253753e-84,-0.09416091818124378,0.0
artificial_intelligence,818575,21.536,38.452,0.081,0.082,0.1,-8.057,-0.04556122839225114,0.0,-0.006982598545386866,2.6568609812393425e-10,0.04284666471585524,0.0,-0.013771739322211624,1.224896175616723e-35,0.04683038312736269,0.0
nuclear_physics,73572,21.668,26.351,0.073,0.094,0.114,-8.986,-0.043525776391189736,3.408485168308569e-32,0.015117401396839966,4.1202222647868176e-05,0.013113537719972593,0.0003750723167355922,0.012888891083044612,0.0004721310000078307,-0.10231275928207909,2.22068840456862e-170
keynesian_economics,6287,24.171,35.864,0.045,0.353,0.513,-13.289,-0.04042869552706383,0.0013445882474345072,0.015644870190677312,0.21485688768488265,0.05374800765310216,2.0084733756351665e-05,-0.0028950060997229307,0.8184790601736216,0.019576634186494656,0.12064230789706729
social_psychology,585546,35.503,56.255,0.024,0.082,0.095,-11.635,-0.0335206888042167,3.4857758727151374e-145,0.0227372503425175,8.110567194546438e-68,0.03626858032456883,1.2432692814170412e-169,0.038059791862801846,1.3239625215534487e-186,-0.03963500025156212,3.307875680084754e-202
anatomy,630080,33.19,40.03,0.011,0.158,0.198,-11.221,-0.03827406699904516,6.985050246925785e-203,0.021012349233531957,1.8047188926054698e-62,0.010493500333061706,8.10479681637999e-17,-0.06440154313349583,0.0,-0.06398400006863914,0.0
multimedia,142553,24.809,33.379,0.142,0.168,0.218,-6.632,-0.10379433652256212,0.0,-0.025336519019227784,1.0946208275689108e-21,0.05924434313667497,5.1662294617961764e-111,-0.012910329767208954,1.090240515022574e-06,0.027545524000686904,2.4272399710485767e-25
medicinal_chemistry,49513,19.406,18.518,0.136,0.149,0.194,-10.705,-0.08862386450399856,6.773255161673431e-87,-0.01862730999305052,3.396447340550051e-05,0.05653583240324383,2.4018315530899593e-36,0.032329150754259926,6.22662813724212e-13,-0.0517072359849033,1.1338872033505479e-30
organic_chemistry,1019152,26.447,28.649,0.07,0.062,0.073,-10.614,-0.06492124041138218,0.0,0.013346718334907137,2.2096545251784346e-41,0.019523819640866472,1.7096004334285744e-86,0.01098818505087989,1.3531180422327932e-28,-0.09714267284038544,0.0
computational_science,11104,19.994,43.737,0.076,0.473,0.784,-8.552,-0.02036175427460066,0.031904003526185415,0.02705396321956239,0.004357836910950417,0.021967280802813613,0.020622110314293538,0.06851783834666958,4.909361282646254e-13,0.02795714285709603,0.003216599927604467
ecology,779497,36.5,43.519,0.014,0.152,0.197,-12.764,-0.03656720069656546,8.061219434897388e-229,0.035384435145632415,2.208597950955096e-214,-0.0066637472824799295,4.018738981118798e-09,-0.06956193185127424,0.0,-0.055300261954635194,0.0
programming_language,69421,20.267,41.052,0.06,0.186,0.247,-6.821,-0.03118106625711428,2.0797066892040377e-16,0.017781270040023486,2.795896449882336e-06,0.06806878883106353,4.371922724681913e-72,0.05973776005159865,6.507540609800404e-56,0.01718676405599173,5.937624734836367e-06
visual_arts,10635,15.252,17.073,0.191,0.394,0.627,-15.009,-0.07112726732135019,2.080486397154182e-13,-0.014588302297704053,0.13249424106762203,0.04830941790485993,6.219035429363753e-07,0.019884017987227474,0.040313360544216,-0.09784398349110503,4.820268938671556e-24
dermatology,111687,21.749,27.381,0.035,0.248,0.325,-10.31,-0.0601205003756702,6.0323989813298185e-90,0.021792170760943693,3.2492957240531185e-13,0.03481750369716194,2.602312862009582e-31,-0.0042688748446180185,0.15368609794430776,-0.03066121314151988,1.1938738110199172e-24
electrical_engineering,484782,16.248,23.418,0.188,0.057,0.063,-8.382,-0.09317359434137082,0.0,0.004453653523895875,0.0019291974217343633,0.020506145196583288,2.952551159130811e-46,-0.016753496373952462,1.9099258718127118e-31,-0.009712095970730259,1.358050117569339e-11
fishery,135435,28.068,31.658,0.027,0.228,0.313,-12.382,-0.05730123058169545,7.177405311272874e-99,0.031832529114022304,1.0343303758791165e-31,0.0058992520409529466,0.029930282783147747,-0.03214442663783834,2.6488047046095976e-32,-0.03428449564801546,1.621647949408573e-36
geometry,96215,16.436,26.106,0.106,0.223,0.32,-13.432,-0.07380523135601527,2.6610692081646605e-116,-0.036005534971862964,5.598995365923121e-29,0.07785320651520423,3.174550720951496e-129,0.0851945870734739,1.9359867181550727e-154,-0.05506900286096844,1.6350365922989171e-65
computer_security,128974,23.429,38.19,0.128,0.185,0.25,-6.613,-0.09029806814093813,1.2634998407407797e-231,-0.0174017244845288,4.1075425775163945e-10,0.07129093938750969,6.2067017945237176e-145,-0.049430952040560236,1.372168440109416e-70,0.018580868799505976,2.498594789977487e-11
real_time_computing,245464,18.613,31.074,0.128,0.129,0.164,-6.397,-0.09761900543642836,0.0,-0.014073926971168674,3.0994008393075584e-12,0.06033943624651508,1.0220446807537372e-196,-0.004784131439075068,0.01777524107519976,0.05144476852734703,1.74733194600816e-143
systems_engineering,65440,21.156,30.314,0.098,0.229,0.31,-7.428,-0.0901642684070836,3.5245541262691774e-118,0.038533485806973015,6.154567532178225e-23,0.03966461965958995,3.296591823431725e-24,0.004852215405999211,0.21451687470918873,0.009060598079162905,0.020459273106749595
gender_studies,72590,26.777,27.515,0.094,0.168,0.211,-11.991,-0.0752343323795415,1.3269008580398803e-91,0.016679473871991223,6.986226527753358e-06,0.04063621447984757,6.445318425434135e-28,-0.0018790633075318546,0.6126748755827192,-0.06363347321433661,5.150537826001591e-66
crystallography,273400,25.232,32.869,0.035,0.111,0.136,-10.635,-0.01403003948587511,2.1956696024535415e-13,0.015161262727259647,2.2290103595260684e-15,0.03782933706234326,3.847776372358037e-87,0.04592528559617031,1.4940589279706428e-127,-0.09109340157886242,0.0
emergency_medicine,50707,23.57,36.417,0.038,0.295,0.43,-8.052,-0.0627220922039699,2.2317146317389917e-45,0.027576385515022752,5.273644758473182e-10,0.009499817787264678,0.03242069582133314,-0.04474140690339143,6.788820638923454e-24,-0.005734755760070378,0.1965846255192872
mining_engineering,11118,14.502,17.234,0.178,0.395,0.608,-12.655,-0.13732270034530536,6.110724364100466e-48,-0.010836066495751754,0.2532542197698835,0.04766300353547012,4.956958276952353e-07,0.009803429840191433,0.3013226635978555,0.011432426224024583,0.2280640076738227
biotechnology,49199,49.328,52.38,0.052,0.387,0.594,-8.998,-0.07369487704557273,3.2372069040131e-60,-0.006821752767940693,0.13025381666624006,0.03782669027415361,4.736056819426095e-17,0.016908669068215143,0.0001763704719606028,-0.03178352026129601,1.7705466907924691e-12
neuroscience,303638,57.023,73.693,0.008,0.135,0.169,-9.332,-0.031507130521346405,1.4998995818027166e-67,0.024854465433680806,1.0478512362670496e-42,0.03060478470008972,7.718174657158018e-64,0.014784751918799601,3.7211992901974545e-16,-0.03153912449941021,1.1028007394746636e-67
geotechnical_engineering,121546,17.877,26.065,0.078,0.145,0.183,-13.567,-0.1004710829633007,3.814348530243316e-270,0.028309897492343552,5.52299099248788e-23,0.025337040586478916,1.003732937113123e-18,0.054683369089392427,3.80405663509869e-81,-0.015538158858924567,6.046883426690914e-08
econometrics,160533,24.532,59.938,0.019,0.156,0.204,-12.521,-0.02027269364615203,4.535100519007557e-16,0.03265576242353131,3.8852213678444964e-39,0.03364651421215288,1.9240284492617362e-41,0.09507001723163655,6.65576e-319,-0.012130333977795204,1.1717859996709355e-06
actuarial_science,51425,25.49,42.231,0.052,0.267,0.372,-9.918,-0.054556089360046085,3.326453607024341e-35,0.019890856014923596,6.452207660620545e-06,0.06565215400457197,3.117760481159937e-50,0.05203743759721588,3.5370129922636205e-32,0.0317541394914069,5.909544027245109e-13
physical_geography,13778,29.766,45.455,0.041,0.412,0.695,-11.361,-0.05932027601867887,3.203318693501351e-12,0.020096673225806695,0.018325925828827017,-0.008397591909059515,0.32431226613020786,-0.023836987152313752,0.005140058235988072,-0.07766107206535616,6.926457363212739e-20
literature,27513,21.077,17.768,0.167,0.219,0.293,-18.918,-0.015492259932100872,0.01017733139738516,0.00799031434487572,0.18506575932614105,0.032570549874808,6.528764459633346e-08,0.029353855887490305,1.117311633586666e-06,-0.06905261117291481,1.9334461080006603e-30
natural_language_processing,71424,23.347,39.227,0.049,0.193,0.255,-7.899,-0.04160884438322686,9.512701849777192e-29,0.011992532954125541,0.0013501751633973138,0.04462532376929287,8.063934864658294e-33,-0.005721831741181706,0.12622461681369815,0.013415500849537949,0.00033652678866024174
cognitive_science,22517,45.453,58.296,0.037,0.377,0.557,-12.536,-0.04241590355791293,1.923837977687172e-10,-0.005953906070188051,0.3716528774913993,0.05440285724087597,3.1067961681781214e-16,0.03715686714489566,2.4434845447292477e-08,-0.04858382233223711,3.0037533546288767e-13
market_economy,17262,25.812,37.433,0.099,0.319,0.443,-10.161,-0.04715083196371404,5.721884784481427e-10,0.00234731434943365,0.757793332028466,0.04576193925337142,1.7972583932008328e-09,-0.0027888049050253452,0.7140807075464242,0.01277652549596754,0.09323200362399277
soil_science,35233,30.071,38.035,0.03,0.251,0.363,-12.321,-0.058666818902101445,3.02236996251354e-28,0.04211872349480161,2.5924536708002918e-15,0.004708788241472353,0.3767855364213638,0.06911155669001241,1.4382307849202907e-38,-0.039974386678323134,6.091104946400366e-14
microeconomics,113646,25.444,65.84,0.023,0.175,0.226,-11.464,-0.03458755001937034,1.9624706215437375e-31,0.030481845964141996,8.841838968728192e-25,0.08477163030265411,2.931475950674314e-180,0.06365334083422666,2.395361470901001e-102,0.02229220719772123,5.6533126867100514e-14
pedagogy,248651,24.576,33.281,0.086,0.082,0.095,-10.366,-0.07685919595471769,2.57e-322,0.026333841614214332,2.114766598037029e-39,0.020234134387668728,6.072454211481816e-24,0.021020077178813677,1.0368467424600797e-25,-0.015326768113291462,2.120684101159986e-14
audiology,73093,28.295,36.374,0.019,0.278,0.373,-11.157,-0.05001456435161942,1.039779767547515e-41,0.023635205839875852,1.6509485061117296e-10,0.029285593702933592,2.3917193641064374e-15,0.03437049855897299,1.4734757036938912e-20,-0.025930858618090382,2.3551942333431745e-12
agricultural_economics,26107,20.767,33.085,0.099,0.285,0.394,-9.917,-0.10136546251317927,1.3800098616857742e-60,0.016826824482137778,0.006550267329714358,0.026236466072847527,2.2379283113328303e-05,0.01080577716488229,0.08082343209184994,-0.017674299025539224,0.004292319420519452
world_wide_web,147766,24.764,38.721,0.154,0.155,0.201,-5.542,-0.07962827297361588,2.0794752553881644e-206,-0.028705100857661082,2.547077407228384e-28,0.06746740546186192,1.2613546696439411e-148,-0.024649440115592426,2.6247940950981426e-21,0.014703519429576616,1.5827712906848722e-08
aerospace_engineering,35755,14.649,20.322,0.097,0.2,0.257,-11.113,-0.09356738965252472,2.419557459201632e-70,0.030461213412943708,8.359525584264806e-09,0.0286621486039403,5.938350791823765e-08,0.05691583123675408,4.740834393439853e-27,-0.0025480482409256204,0.6299521570034592
veterinary_medicine,66677,22.461,26.605,0.034,0.337,0.515,-11.354,-0.06300606394159301,1.2565096765633844e-59,0.0265636932799884,6.8701890282874505e-12,0.00862235833801671,0.02598368500343207,-0.014862587254229238,0.00012407031437769014,-0.055944365698974916,2.2663992568302123e-47
management_science,54820,32.751,53.102,0.061,0.3,0.417,-10.363,-0.03136998030442286,2.0345741935121828e-13,0.03016692702914684,1.610424680207445e-12,0.027324053195985812,1.5679502282212364e-10,0.060148923871823065,4.0469817331110054e-45,-0.025100564247348918,4.1586640627842995e-09
mathematical_analysis,445838,17.853,28.988,0.021,0.059,0.072,-13.66,-0.029387058340582688,9.22867031431308e-86,0.0339917845702775,4.1668261998667806e-114,0.059202392655070255,0.0,0.05905993755040906,0.0,-0.031183611145936683,2.4824454561744853e-96
climatology,123538,36.531,49.279,0.013,0.132,0.183,-9.787,-0.033073298969133504,2.981686169029014e-31,0.04043313881884926,7.176756230114134e-46,0.010382098147947083,0.0002631007839970258,-0.011211711731606788,8.121933115517283e-05,-0.045396956062807296,2.2701127256222757e-57
nuclear_chemistry,80710,18.287,25.09,0.111,0.199,0.255,-10.453,-0.11742101753789724,1.1496062246086835e-245,-0.01250573602828452,0.00038100687866134825,0.020408238592761144,6.695312680442248e-09,0.021503955328585504,9.976909738144086e-10,-0.03998962507483336,6.230399512490133e-30
accounting,36913,32.988,49.459,0.053,0.26,0.419,-10.667,-0.0691022173464088,2.5801060293072586e-40,0.02993401597825905,8.806674618941337e-09,0.039765328252204295,2.1258172876032222e-14,0.02538583108304851,1.07200227316351e-06,0.024331307036990234,2.935979362617301e-06
biomedical_engineering,125298,39.373,46.424,0.062,0.243,0.326,-9.322,-0.08895534959415496,1.7830684184457595e-218,0.011348425569756094,5.890788273007917e-05,0.008684977804646055,0.0021100517971158472,0.0022877751209284996,0.41805098944797503,-0.0241936988296724,1.0796108467815349e-17
gerontology,124815,31.098,51.508,0.038,0.171,0.221,-8.698,-0.04774656214125472,6.541003128320959e-64,0.03408959543337215,2.0125898774527682e-33,0.012627146990745335,8.150238701471175e-06,-0.036143973230797946,2.308165851070622e-37,-0.039098980747682754,1.971645326820452e-43
neoclassical_economics,3249,26.444,31.031,0.072,0.541,0.958,-16.669,-0.05955175193029278,0.0006833892158841346,-0.06977547137140988,6.876370485856825e-05,0.05294454317679461,0.0025378219836582803,-0.0009466249058430092,0.9569854624117803,0.04272524493700116,0.014870651832513244
physical_medicine_and_rehabilitation,81431,32.764,40.741,0.024,0.236,0.324,-10.306,-0.052722846795591465,3.1868268215612604e-51,0.031213342019581338,5.144394003370163e-19,0.03047258411009841,3.39041019058674e-18,-0.006548650187269492,0.061661521208670945,-0.018652383369911447,1.0204316533411183e-07
ethnology,22629,20.488,21.139,0.177,0.303,0.45,-14.108,-0.08221499305731375,3.041154028409899e-35,-0.061822459809141125,1.298885510682409e-20,0.0776525013146151,1.3012617930798214e-31,-0.01463877966070249,0.027658318589641826,-0.0003018204106466863,0.9637883599452354
agronomy,232324,25.529,29.108,0.05,0.129,0.166,-12.058,-0.07853796936962372,1.53236305e-314,0.016970707658519935,2.82841838152573e-16,0.0073768049806770975,0.0003770468362764731,0.020371855648185673,9.215997917664826e-23,-0.032728503815198984,4.320832623916322e-56
optometry,16662,25.712,32.789,0.036,0.364,0.542,-10.481,-0.06436281122469095,9.09515581340751e-17,0.04804674895941426,5.46766003883025e-10,0.007447684866292333,0.3364020669065169,-0.005619595350274358,0.46824569824827067,-0.05542084713866757,8.140763412337838e-13
natural_resource_economics,21758,26.609,42.044,0.098,0.313,0.454,-8.423,-0.07034138102608982,2.810598576734553e-25,0.007911252667448826,0.2432475595503427,0.013209466989809689,0.0513614052353278,-0.04916887395580843,3.967274955530855e-13,0.0012165436389008875,0.857594455226969
theology,6907,22.592,16.616,0.2,0.318,0.475,-16.965,-0.03345758548338371,0.0054211706001301985,-0.04547036452668522,0.0001566780334648407,0.05260971784380534,1.2168567925506535e-05,0.015541769934718211,0.196531992209775,-0.041036691028743966,0.0006465110534942535
genealogy,6800,27.485,28.147,0.113,0.551,1.036,-16.435,-0.03827949464524018,0.0015930037303122852,-0.04817938558290315,7.05119732450783e-05,0.039929570010490495,0.00098988925797329,-0.0006617459003564613,0.9564898519730658,-0.08002893940867571,3.8759483802254574e-11
computational_chemistry,170572,32.911,36.132,0.019,0.11,0.133,-11.241,-0.008113226754201367,0.0008057187033853042,0.01325411543503166,4.3949713840441785e-08,0.017652879011757206,3.0716572818316023e-13,0.055875221190084284,5.253258712695616e-118,-0.10712244180283953,0.0
zoology,109949,32.056,33.66,0.02,0.407,0.621,-16.912,-0.03634794066955497,1.7967542550793693e-33,0.019011748262548544,2.890888769230894e-10,0.0033906541320356614,0.2608932074847328,-0.053525621636891715,1.4205510400724708e-70,-0.06630381685921857,2.3427353780140362e-107
distributed_computing,197141,20.323,36.069,0.069,0.133,0.178,-6.235,-0.05091134184042899,2.7895169310967993e-113,-0.008307096318404575,0.00022563518046045454,0.04664411825772549,2.2214228538652528e-95,0.004783786482669449,0.03366790112278968,0.035302003812978544,2.1029172093678995e-55
biochemical_engineering,7948,58.336,55.792,0.053,0.608,1.136,-9.116,-0.07848483723015551,2.4390950666179712e-12,-0.031237878597004373,0.005350344218729904,0.04752791146457086,2.2460140676566897e-05,-0.022121867249413882,0.04859476624709462,-0.11585055237308849,3.709545969992171e-25
theoretical_computer_science,131257,22.886,43.847,0.036,0.191,0.253,-8.251,-0.02498437544943405,1.3907020192791646e-19,0.02194904684873674,1.8220721362942226e-15,0.059426027832509,5.464640149535635e-103,0.05248085605609208,1.0303026591008573e-80,0.012940976505100578,2.750928111878745e-06
nanotechnology,165779,41.835,47.212,0.07,0.157,0.205,-7.74,-0.06554628228271518,3.040942553913907e-157,0.014300699528057955,5.782755489005553e-09,0.031571325082729126,7.788077782951273e-38,-0.05781573928244177,9.969415738043696e-123,-0.06413253609024243,1.3180731345003512e-150
construction_engineering,5104,17.694,20.08,0.182,0.484,0.765,-9.983,-0.11586372199712908,1.0107192116692565e-16,-0.005997219106178749,0.6683934521018897,0.05815131736774068,3.2250593334385284e-05,0.026317835170054087,0.06009835337097917,-0.03641321646309222,0.009277136074279671
andrology,32131,31.426,36.508,0.016,0.333,0.491,-9.669,-0.04477004660909405,9.843163513419493e-16,0.015958156168951933,0.004228537553379203,0.006661336867835778,0.23247031866328124,0.00595616528927949,0.2856929375667007,-0.05300970047862785,1.9367512435158313e-21
quantum_mechanics,170375,23.351,32.95,0.058,0.11,0.145,-12.059,-0.027271413258878364,2.0983612152185217e-29,-0.006024949844413722,0.012886409794433127,0.04591586967296775,3.4933055865976784e-80,0.040356824162446674,2.372536976188897e-62,-0.14308738774957747,0.0
aeronautics,9896,13.011,19.142,0.151,0.375,0.562,-10.443,-0.07520829803836798,6.820252338521091e-14,-0.0036894927100068176,0.7136334842086411,0.0194634631532188,0.05285084237162453,0.018588509188377525,0.0644454258482906,-0.029560772324251687,0.0032722146527989406
cancer_research,229104,42.389,55.782,0.013,0.132,0.168,-6.737,-0.03165252737820008,7.114476544804697e-52,0.023776642482478925,5.129430135405308e-30,0.06211880210755795,1.226476111459349e-194,0.010363409557240511,7.030023921659014e-07,-0.017576022995842315,3.985185901656756e-17
process_management,22708,25.357,34.39,0.102,0.301,0.445,-7.956,-0.06587416619307512,2.8752384782684857e-23,0.01522675554026846,0.02175875664345741,0.06769664902566491,1.7434984803617437e-24,0.03983715064887558,1.9111658924157634e-09,0.018749090776157183,0.0047217810469530825
ancient_history,15309,31.16,18.832,0.135,0.29,0.424,-17.838,-0.07284537835902727,1.8071581861644635e-19,-0.02469291567926233,0.0022471590381751357,0.04104278805386577,3.775716907040837e-07,0.007622288016884112,0.34566100195165356,-0.08389215680915696,2.547303310081916e-25
molecular_biology,671549,36.699,43.116,0.017,0.099,0.121,-7.362,-0.027896994066915384,1.025611505039705e-115,0.009224622262328723,4.044698913961909e-14,0.0579163370151466,0.0,3.482908088099385e-05,0.9772300981395129,-0.028112255034571133,1.7706301679008146e-117
physiology,38928,39.219,43.84,0.028,0.428,0.687,-10.576,-0.05419729633252863,1.0096271730588539e-26,-0.005948101532127607,0.24057779108627844,0.027546203220683393,5.455958539142049e-08,0.0008928928193175081,0.860165308144739,-0.06320616773851867,9.270213909640907e-36
radiology,206242,23.981,27.477,0.019,0.177,0.226,-9.056,-0.04060852052247441,5.272679337590694e-76,0.03211233797530727,3.391676082685132e-48,0.015579918806673834,1.4855548238867563e-12,-0.006116121478612365,0.005476588327234991,-0.024732979270230878,2.780773947184636e-29
biological_system,18430,32.983,42.948,0.038,0.593,1.05,-10.032,-0.03972137594587832,6.882062255063372e-08,-0.019525840624424674,0.00802906543821866,0.05370928907044531,2.9602863127627997e-13,0.015131487264223805,0.03995772796568073,0.007638120590932254,0.29979450381432504
process_engineering,35842,22.503,29.271,0.138,0.293,0.398,-10.019,-0.08891773922229917,7.90659004738655e-64,0.001120264267212527,0.8320439077047126,0.01686206914014743,0.0014107636733729089,-0.0035623545246512393,0.5000551423110463,-0.03257936567553216,6.857450132241959e-10
public_relations,168535,31.048,46.961,0.075,0.136,0.165,-10.312,-0.06370648419407612,4.5100040253085e-151,0.036408540933098324,1.5193841645808572e-50,0.05104591741518641,1.2482100125204577e-97,0.030561401780239833,4.014718020506505e-36,0.03817082426144516,2.21174960748679e-55
botany,727012,29.521,34.702,0.024,0.14,0.18,-12.199,-0.05198999694267183,0.0,0.02848828899521358,2.191054240634338e-130,-0.006213408630595786,1.1713900034704442e-07,-0.04191353763436784,5.894501994292469e-280,-0.07584649633545214,0.0
nuclear_medicine,84373,24.798,40.441,0.019,0.277,0.382,-8.248,-0.05281417681880398,3.4642807641867846e-53,0.03072497352382189,4.390339831810039e-19,0.015203519962331742,1.0037642952843322e-05,-0.023576190941870377,7.435038612607584e-12,-0.04124022989689992,4.311034533448802e-33
finance,85884,29.703,64.392,0.046,0.175,0.243,-10.376,-0.04646694957124117,2.85376957439682e-42,0.04954717524736563,7.937840833987403e-48,0.04760704296592571,2.7567418952948293e-44,0.0715748121598029,6.244927014433464e-98,0.054902400657849175,2.4862278962483983e-58
public_economics,41543,28.983,40.905,0.053,0.269,0.363,-10.285,-0.06007508877828484,1.5743332464479974e-34,0.036042315335245274,2.0067286935026737e-13,0.05741763440008848,1.1033879978823432e-31,0.04557017879210143,1.5041286198896462e-20,0.033728548570124306,6.141158067893457e-12
gynecology,160874,24.946,29.339,0.055,0.171,0.225,-9.389,-0.0466243533823651,4.0548650280819247e-78,-0.03644068204706942,2.0703875648834925e-48,0.015912481123989658,1.7398388397529408e-10,-0.06223575556904461,8.629420942461168e-138,-0.042785100319939956,4.574970718281739e-66
petroleum_engineering,46499,18.81,22.024,0.148,0.209,0.285,-13.007,-0.14082260436122473,1.5117052713683993e-204,0.0013214438250548225,0.7756872916700878,0.03789831230183238,2.9594550035605905e-16,0.047733603993824925,7.142748204718164e-25,-0.003848397081890602,0.40663222189539894
software_engineering,48763,18.77,34.33,0.093,0.221,0.305,-6.571,-0.041968557285770536,1.8356493966418738e-20,0.017462564306075692,0.00011509783593802643,0.04661381171103032,7.137743993537424e-25,0.028015937529791923,6.107467017264168e-10,-0.010339183972836473,0.022422308040791723
environmental_economics,18635,23.296,35.392,0.106,0.351,0.533,-8.025,-0.10428368240275163,3.189592844458008e-46,0.006262950852157782,0.39260268476375315,0.02532714907484271,0.000544739646314819,-0.05936692293379879,5.029037283888945e-16,0.024900448812837803,0.0006751878154295335
surgery,1339734,23.056,41.947,0.024,0.082,0.094,-10.109,-0.04069975011035043,0.0,0.02197957068379043,8.28550956052935e-143,0.04248109996171701,0.0,0.008132170082862792,4.827255921464776e-21,-0.021397389108372945,1.905709954328368e-135
intensive_care_medicine,288257,35.292,38.204,0.029,0.152,0.192,-8.321,-0.04764729460928054,1.6879439267196395e-144,0.023324738898932804,5.476563877598252e-36,0.01571935965340088,3.169536267839808e-17,-0.02949881712113415,1.6179107263025765e-56,-0.003661335884323686,0.04932708217165142
data_science,35207,30.761,47.289,0.075,0.379,0.577,-7.672,-0.040702424296036516,2.1704355292995486e-14,-0.003959964169725173,0.4574783291413224,0.03836856951537757,5.946926287927156e-13,-0.03387567618290369,2.045690316557664e-10,-0.006702704022491898,0.2085244231712277
discrete_mathematics,221674,16.928,32.097,0.016,0.102,0.128,-12.355,-0.020380453386351815,8.268733980254436e-22,0.03736873150275426,2.4591549300860176e-69,0.07193252685785144,4.554178718161601e-252,0.08807514143127076,0.0,-0.02128510819780373,1.2128152111315891e-23
environmental_protection,37518,25.303,36.629,0.098,0.35,0.544,-9.186,-0.06952683482527303,1.9716592873678175e-41,0.012347500883383431,0.016771981748848065,0.01399873255770162,0.006697228126555537,-0.04614190034477064,3.8236427082302283e-19,-0.04877253865631098,3.3134440248372554e-21
economic_geography,10640,34.4,43.116,0.055,0.412,0.63,-11.086,-0.04994285896924315,2.546673028734595e-07,0.0006598869295267621,0.9457381942657909,0.04564693400389553,2.4723058607752644e-06,0.0008609572577947602,0.9292427275787567,-0.0028101831379831205,0.7719402040663256
demographic_economics,18494,28.522,44.048,0.046,0.346,0.512,-10.389,-0.061820873468508494,3.9401994221076254e-17,0.015898291124662907,0.03061500204072701,0.058399425186864556,1.893339140474679e-15,0.030784134427819597,2.8250996592477964e-05,0.02577451744189832,0.00045576720715194354
cognitive_psychology,149593,45.262,67.716,0.012,0.159,0.201,-11.124,-0.03283033463534969,5.823779673966993e-37,0.019880255346353744,1.4732771296493798e-14,0.05935251279890896,8.104076901937518e-117,0.008585187328173812,0.0008984085216577291,-0.04403611552435484,4.141385391635846e-65
humanities,94203,21.69,16.314,0.144,0.16,0.233,-11.412,-0.06449707675850375,2.1605700599633994e-87,-0.057921259149888604,8.124457711898188e-71,0.07933964597594663,2.212791560249263e-131,-0.08694034419542307,1.8726654102568296e-157,-0.02248420666172346,5.136664717715605e-12
agricultural_engineering,5560,17.399,22.019,0.177,0.502,0.859,-11.006,-0.1289005261443867,4.932917204787605e-22,-0.08306106947385467,5.546371012229892e-10,0.07518313544125377,1.9914149972300312e-08,0.05334184868177291,6.909072901613521e-05,0.008392257468524221,0.5315495124281967
oncology,100139,36.336,38.105,0.02,0.178,0.231,-7.407,-0.04005578197215169,7.586459370799684e-37,0.018188473042984713,8.6079151218948e-09,0.048842467444908166,5.966939931580797e-54,-0.006808909757977904,0.03118842424180244,0.010251269880235293,0.001178500364145882
horticulture,68604,18.573,18.777,0.114,0.232,0.323,-11.964,-0.08703416800761479,1.8695149626875727e-115,0.004739145074180373,0.2145028686397378,0.02628968520982134,5.6999187152743645e-12,0.0013189487995141505,0.7297502729719669,0.03508258750687672,3.869642627804399e-20
psychotherapist,83573,32.056,39.63,0.046,0.178,0.219,-11.226,-0.05889113487206777,4.192266748746499e-65,0.018670738025798064,6.742073625204946e-08,0.031171512313517606,1.9971711791620684e-19,0.03753348753989437,1.9043367077789428e-27,-0.06089987227624037,1.6807845440158063e-69
anthropology,43631,27.197,29.479,0.1,0.266,0.359,-14.415,-0.06535461499155495,1.6314763881103013e-42,-0.010108089141560975,0.03474012430526551,0.05141105258524365,6.218556552694581e-27,0.008433179326453728,0.07815274945782676,-0.03729523181088154,6.557731226166667e-15
engineering_ethics,22100,26.629,33.013,0.135,0.325,0.459,-9.601,-0.07291142652717955,1.9320519357483735e-27,-0.011895218245582132,0.0770084489734416,0.04839735709155849,6.083586516303573e-13,0.0013347550378766386,0.8427207998524453,-0.04850616560839291,5.401377164732506e-13
waste_management,267394,18.596,27.437,0.141,0.106,0.128,-11.085,-0.11374275546292718,0.0,0.004117471636873507,0.03324185339405807,0.010366697079935167,8.287532368812593e-08,0.008133156151446176,2.602552277029129e-05,-0.06513722910845113,3.1268175371109864e-249
pulp_and_paper_industry,34040,17.188,24.413,0.209,0.249,0.347,-9.443,-0.1391284428912015,1.0436146750927678e-146,-0.03385446306643784,4.165756990078335e-10,0.025830331455122507,1.8764089742809497e-06,-0.0669342275756328,4.1578593922033494e-35,0.07287704173371891,2.5760524871220566e-41
monetary_economics,28796,26.881,43.22,0.037,0.177,0.229,-9.947,-0.039336990708359484,2.4298681239388157e-11,0.03366471362538913,1.1030811634230619e-08,0.05543377435197089,4.794282905841932e-21,0.03134452937810967,1.0373884700714965e-07,-0.013524800504558156,0.02172850043334196
engineering_physics,9414,30.297,43.9,0.139,0.455,0.738,-9.773,-0.08158058822158684,2.234496515646798e-15,0.0038947787986777114,0.7055456206202726,0.016135373151339758,0.11747953834744225,-0.03686377341174996,0.00034692683405647987,-0.07949269613012054,1.126987856532254e-14
law_and_economics,12019,26.877,41.399,0.098,0.432,0.66,-13.298,-0.07661331966272009,4.0757188143878677e-17,0.00687191011249907,0.451265880661906,0.05287397258693219,6.62788333466314e-09,0.00997953157881928,0.27396310530704643,-0.003018160496886287,0.7407571142544833
family_medicine,189956,23.156,32.489,0.066,0.138,0.172,-7.783,-0.050433993340869496,3.2171223338775176e-107,0.012628879962709942,3.705391384355549e-08,0.028525408768421943,1.6885491500956312e-35,-0.028845134750096438,2.9208159007247048e-36,-0.019360387537219366,3.207344924612677e-17
medical_education,60504,20.442,29.396,0.098,0.183,0.232,-8.458,-0.04208950734696513,3.874786054750233e-25,0.014742791911367077,0.0002873006536918562,0.03350495982432149,1.6717936363823905e-16,0.008454007914454435,0.037573811058367546,-0.03393937662654345,6.797928391257916e-17
computer_network,388814,19.691,33.174,0.176,0.07,0.085,-5.278,-0.08770318847586421,0.0,-0.019298254943923024,2.3404921048039345e-33,0.055698366223633625,1.0655445419243554e-264,-0.019388466351945667,1.1817918683258116e-33,0.05043424857750286,2.368235213798715e-217
anesthesia,516339,27.676,37.32,0.018,0.128,0.156,-9.533,-0.04616935508241044,1.3400968761235659e-241,0.027655861679442506,6.520617045722012e-88,0.021826534149388552,1.8956830434687594e-55,0.00918994193013251,4.009788871933638e-11,-0.03180539542339016,1.1610901627922775e-115
gastroenterology,163665,27.648,42.052,0.018,0.174,0.216,-8.988,-0.04536277935725999,2.6927604159858746e-75,0.02117628807428682,1.0541208761233779e-17,0.027811639745033846,2.2273925692703392e-29,0.0059920395672115444,0.015345758719089749,-0.019043442789450384,1.3108357156806115e-14
machine_learning,192503,24.628,49.306,0.033,0.177,0.24,-8.556,-0.024818511711444242,1.2755812201087753e-27,0.026340647879718196,6.653050061543956e-31,0.032188677562371544,2.6114452091885473e-45,0.0364324219503485,1.5005740854703906e-57,0.0019724326118385196,0.386817491299173
environmental_ethics,15915,28.814,33.285,0.121,0.379,0.563,-13.74,-0.05782116163735973,2.8788774940845394e-13,-0.012384474516086052,0.11821816794239896,0.052322460636858456,3.9824752746416185e-11,-0.004993242922397876,0.5287761436803773,-0.061835152893226726,5.826314695409216e-15
thermodynamics,204531,21.763,31.383,0.037,0.104,0.126,-13.255,-0.04276214573756784,2.1208702667725717e-83,0.025839586106500563,1.470459533914911e-31,0.02858247094463965,3.0875156197770255e-38,0.05793427165505245,1.4644893657590098e-151,-0.06584686003405157,2.773194447223864e-195
particle_physics,85157,29.729,36.963,0.057,0.075,0.096,-8.09,-0.04236707151244243,3.85577456259922e-35,0.0028442831122676973,0.4065394208272983,0.04321462418448234,1.71355675462868e-36,0.01843618468782218,7.433485621503357e-08,-0.1589242178042764,0.0
architectural_engineering,12200,17.808,32.756,0.121,0.426,0.689,-9.805,-0.07094519230190721,4.321400637655081e-15,0.019791231566622224,0.028815380332476777,0.015335177857658278,0.09031245907751173,-0.03395363888390582,0.00017613127693358058,-0.0721956898430072,1.4180748651899651e-15
manufacturing_engineering,18873,18.472,24.946,0.16,0.344,0.493,-8.392,-0.10181117991757324,1.1395509380237456e-44,0.022025645965213572,0.0024778879073057702,0.027568868515730267,0.00015195429662379913,0.01578432667723462,0.030126208790926607,-0.017195874080588577,0.018158468779680564
pathology,616695,30.524,32.962,0.019,0.133,0.16,-9.301,-0.032807767412578424,1.88472911318083e-146,0.02898777055102085,9.343977169458225e-115,0.021015230005856814,3.375393144146417e-61,-0.017274812653131216,6.294213416351028e-42,-0.029759124779026418,7.685933587161453e-121
simulation,207630,18.822,27.547,0.095,0.198,0.257,-10.054,-0.08617015091984331,0.0,0.0010883053652425445,0.6199655882224158,0.05032377076665763,1.6473583854861035e-116,0.03217310311876158,1.0987298416988725e-48,-0.014337049916849573,6.438813299979231e-11
demography,106733,28.073,49.111,0.031,0.22,0.305,-9.811,-0.04043546163673383,7.138940881385817e-40,0.014315259545218516,2.911270133603431e-06,0.0034907403121941967,0.25411321102395,-0.06891268199872194,1.6711009918125797e-112,-0.04987381357776324,9.283615447809593e-60
parallel_computing,88374,18.731,33.605,0.068,0.176,0.237,-7.045,-0.05229119620589821,1.461793386796681e-54,-0.0069661553184859615,0.038370189152334234,0.044118021008139725,2.479625866347491e-39,0.0493243872632333,9.777490086123129e-49,0.016335615803808535,1.1949761698058534e-06
microbiology,391332,31.715,41.899,0.021,0.141,0.178,-9.394,-0.05032813055687266,7.803981063928294e-218,0.027511447919764873,2.1064951241990575e-66,0.021703822611585738,5.3557669169966116e-42,-0.03051610353136467,2.8213369312965054e-81,-0.03530533212852169,3.722662232171703e-108
forensic_engineering,46664,15.974,24.488,0.122,0.314,0.436,-12.532,-0.09573726316968637,1.9330379119955492e-95,0.014415114935405343,0.0018456315560490667,0.038259009188199,1.3684343111711596e-16,0.0718986684218167,1.562602788852256e-54,-0.052672892248335254,4.914730287549586e-30
immunology,1044439,39.144,52.475,0.013,0.082,0.098,-7.859,-0.037409482076411954,5.0335e-320,0.026162863027319738,1.51291568794409e-157,0.03061387855877628,5.63011744680862e-215,-0.01806827283749157,3.816315594941817e-76,-0.02705296201190065,2.599896622132393e-168
dentistry,128129,25.929,34.437,0.03,0.209,0.271,-11.583,-0.07455130934202303,2.5677325948944477e-157,0.01849242718983217,3.594751520926716e-11,0.023658738156971885,2.4586862754428196e-17,0.0280077665799454,1.15658448778345e-23,-0.054768334213641676,1.0659381995348413e-85
optics,824288,16.512,26.189,0.106,0.054,0.063,-9.072,-0.06244009583328354,0.0,-0.004152813628314206,0.00016301038958511783,0.02969927412393188,3.3270363790503385e-160,-0.01911611389804294,1.7419248031054156e-67,-0.022430933693685352,3.2388143713692206e-92
biophysics,86127,38.018,56.516,0.021,0.267,0.355,-8.76,-0.03897728544329068,2.549077735236459e-30,0.004332508498100527,0.20356284619645193,0.05306895627538122,9.189632327214936e-55,0.01586357297298391,3.2276915273509138e-06,-0.054646721841818555,5.79498973996385e-58
polymer_science,9285,29.188,32.485,0.168,0.326,0.476,-11.774,-0.09235883699849942,4.771724454578287e-19,-0.041211935236672576,7.118750611745805e-05,0.0679439140859383,5.613621117509599e-11,-0.004235475850434166,0.6832209260286591,-0.01534150455541987,0.13936081922975144
cardiology,408174,29.489,46.947,0.017,0.104,0.128,-8.607,-0.03491261779635445,2.833359833953803e-110,0.0167033424307889,1.372969598709629e-26,0.027866066695177057,6.279545380087238e-71,0.002473431438832249,0.11405289010601051,-0.033535597456064464,6.817305459046683e-102
theoretical_physics,23603,30.547,37.711,0.054,0.291,0.438,-13.921,-0.028954676581697692,8.623822303136723e-06,0.01908164011182506,0.0033713922805465304,0.06063311352058052,1.1276358722253937e-20,-0.015227700106031522,0.01931039399784298,-0.08171055444566908,2.9432646949270156e-36
chemical_physics,53833,34.946,41.663,0.035,0.201,0.254,-10.502,-0.031490100867935925,2.712350799377577e-13,0.014991114826077095,0.0005045218621390863,0.03930363297314654,7.339873002913674e-20,0.031328313794359235,3.584455975381675e-13,-0.13315802827058507,1.946461258953044e-211
information_retrieval,100035,24.22,39.617,0.126,0.179,0.236,-6.259,-0.07677489630264767,1.2586457213067115e-130,-0.030237400781516648,1.115024537352015e-21,0.06142128961296772,3.235847647904991e-84,-0.032796023992529025,3.205657742477837e-25,0.05750996412067579,4.7738110131337146e-74
linguistics,85679,28.865,39.688,0.044,0.16,0.206,-12.087,-0.05604178421194185,1.4540026819443016e-60,0.02974754233155439,3.0603774450902937e-18,0.04456259535878103,6.338193829922224e-39,0.04123524677221411,1.4330655251395105e-33,-0.05647884360339567,1.7433060053752906e-61
remote_sensing,100299,21.961,35.333,0.065,0.18,0.233,-9.11,-0.08084078855738916,4.938858760473004e-145,0.04621474542935455,1.4745483341479966e-48,0.0032470820360519723,0.30378929175289,0.018494275074450804,4.696943510280891e-09,0.008464870532111072,0.007343749191209881
international_trade,33260,28.01,37.616,0.084,0.234,0.318,-9.745,-0.0779171099406666,5.875034553410192e-46,0.014713398294428155,0.007288331115954187,0.051222989513003095,8.975413411723472e-21,0.006443549536379445,0.23995508599887633,0.06335945895741402,6.108977643275054e-31
astrophysics,157131,37.071,44.063,0.033,0.062,0.081,-9.144,-0.0400692715338025,7.478583947854195e-57,0.032635328813369405,2.679526966819124e-38,0.002843427250749771,0.25969139151188647,-0.031342268255196266,1.8661601653966024e-35,-0.09715400857297532,0.0
atmospheric_sciences,119757,34.623,45.897,0.011,0.122,0.16,-9.678,-0.039018580529788974,1.4077125061761365e-41,0.0445253657158714,1.2797839983362388e-53,0.025317240607392988,1.908348636588841e-18,0.0076093324205383,0.008456199762097516,-0.038383640563298106,2.725765827114798e-40
physical_chemistry,47421,24.784,27.426,0.038,0.208,0.265,-12.225,-0.028976661544050458,2.7684092703297444e-10,0.018956157986039397,3.655760273046473e-05,0.028919551258023098,3.0000156982838594e-10,0.06068525780751124,6.1379166447841555e-40,-0.0734898953153392,8.593851860333637e-58
engineering_management,18417,17.753,23.632,0.18,0.324,0.459,-7.606,-0.08745214668043737,1.3333640033724853e-32,0.01820686132827818,0.013478234085436561,0.04394966056302195,2.418723160845831e-09,0.05073392628643719,5.6173306019871635e-12,-0.010994595753328971,0.13569596283535404
engineering_drawing,284011,17.354,21.888,0.155,0.098,0.116,-13.269,-0.06218726495212734,2.619960716727177e-241,0.011653910904978571,5.269363442337105e-10,0.02850838861726055,3.764205833022829e-52,0.05779311394262242,1.2071009334801158e-208,-0.04011911660086353,1.6889231036257447e-101
mathematical_optimization,376904,21.238,37.987,0.02,0.107,0.138,-10.78,-0.022716669657546693,3.231589521534854e-44,0.03351766446351416,3.8939867394333596e-94,0.03888822783961834,4.5553307183855327e-126,0.055117559653186474,2.2827618057796873e-251,-0.0033536659627217517,0.03950395374203079
structural_engineering,713233,13.954,19.846,0.142,0.048,0.055,-14.294,-0.11674945888711932,0.0,0.004791033093181645,5.205727314280031e-05,0.0425200090442772,1.2146867404260737e-282,0.03436190099738664,2.8986358332399553e-185,-0.06113044799558977,0.0
statistics,198675,22.129,57.025,0.025,0.18,0.243,-12.506,-0.016995250317519764,3.5695453763368076e-14,0.033124657852655795,2.3349700209562226e-49,0.02232246529866701,2.4975247086933036e-23,0.10734247228994057,0.0,-0.018549421981145512,1.3544081286407347e-16
composite_material,751954,18.666,23.383,0.126,0.048,0.056,-10.497,-0.101353289473118,0.0,-0.0004004644743501721,0.7283934956244043,0.02374547269390196,3.1177357418253913e-94,-0.009087705090334923,3.2586845939052033e-15,0.028136382586449307,1.5763598004056034e-131
transport_engineering,39622,18.273,28.04,0.111,0.285,0.39,-9.425,-0.11246627023371028,1.086077920782774e-111,0.031106237537271066,5.899769490893778e-10,0.029994926044621166,2.3475383808068814e-09,-0.0008687353927155344,0.8627152917343436,0.014439192749750907,0.004050263800996197
computational_physics,24122,20.897,30.443,0.05,0.303,0.409,-11.238,-0.03594991976869347,2.33712411820267e-08,0.03147978078561416,1.0075162936896733e-06,0.03404150141517086,1.2343659203504337e-07,0.08864667836821374,2.7545814323915118e-43,-0.057927807599679824,2.1761545337486485e-19
environmental_engineering,138553,24.282,34.034,0.078,0.193,0.256,-9.773,-0.09668883370117953,5.7125985299036344e-285,0.021990901847086887,2.688762765527923e-16,0.011013221829942712,4.140316041179456e-05,7.337949368102156e-05,0.978209618960325,-0.06399326009516976,1.1617399900636474e-125
computer_graphics_images,131862,20.305,32.029,0.166,0.146,0.181,-7.643,-0.06503295227231518,1.4924941616587885e-123,-0.023887271960324485,4.124811333608207e-18,0.03933612116349725,2.546315752310816e-46,-0.020137315090548728,2.61055097839012e-13,-0.003264823712076873,0.2358035841588763
forestry,28574,24.759,23.942,0.069,0.374,0.624,-12.231,-0.08823872986172326,1.6981264932539223e-50,0.01918666176393891,0.001180955350009471,0.014323764150520849,0.015465735117748625,-0.0016073206552307123,0.7858624724708717,-0.044567190964990996,4.8096396443147356e-14
computer_architecture,14156,18.526,33.59,0.099,0.318,0.468,-5.947,-0.06895737030562166,2.1477640704725209e-16,-4.12379026268608e-05,0.9960855854857432,0.03086783244236283,0.00023955584075943052,0.06017275119551815,7.769934701099887e-13,-0.02951560636576648,0.0004444267186207585
meteorology,113978,25.678,40.89,0.033,0.163,0.21,-10.576,-0.042276406822839604,2.9578425349468825e-46,0.05908737409652472,1.0993536195883046e-88,0.01665024346843546,1.8924650033880828e-08,0.01894765557777946,1.580950088802505e-10,-0.028810834627280863,2.276350143914051e-22
radiochemistry,40715,15.648,21.104,0.073,0.277,0.388,-10.578,-0.05538440062313042,4.9013275078237844e-29,0.0017977195260181445,0.7168049046100435,0.025068025947635696,4.217804993488286e-07,0.05084287961257104,1.009238070943518e-24,-0.0677570374313087,1.209232627750638e-42
art_history,13244,18.91,18.974,0.225,0.304,0.484,-17.969,-0.03327543803277251,0.0001280795541536518,-0.024614953946556037,0.0046125764675090134,0.02732883807079113,0.001658804482499768,0.01913548182683573,0.027654406887811414,-0.05543107586117112,1.7313427769908242e-10
civil_engineering,17220,16.039,21.188,0.154,0.382,0.571,-10.665,-0.09199639473168171,1.0952934538295014e-33,0.010677008038158282,0.16120552799090326,0.03020294083783074,7.370506145548123e-05,-0.006453699863648436,0.39708760425288914,-0.030298139126848946,6.99377488444052e-05
arithmetic,23975,15.821,25.858,0.149,0.331,0.512,-8.974,-0.10530698724719792,4.3344187464770915e-60,-0.0452687733227104,2.3395629937360515e-12,0.0765603677292758,1.6683489026465547e-32,-0.02815928687452131,1.2959807278989517e-05,0.0794926137577208,6.449762075696697e-35
religious_studies,6653,24.18,17.761,0.203,0.312,0.479,-16.859,-0.06539058791723593,9.379349077965859e-08,-0.03925491606926841,0.0013624211330391506,0.046626096761515676,0.0001421166736883464,0.027950086520999416,0.022620050147470542,-0.07964999088724131,7.725933051005738e-11
computational_biology,44512,51.806,65.919,0.042,0.343,0.502,-6.783,-0.038210845066660976,7.360132719168883e-16,-0.01751561962461891,0.00021936650486675469,0.046230894435700526,1.693510293775532e-22,0.0025027704018535987,0.5974874161881365,-0.0030234157475329776,0.5235649589648206
chemical_engineering,271775,21.701,28.546,0.147,0.079,0.091,-8.981,-0.10262045178111931,0.0,0.001037353896599483,0.5886513388892466,0.025905878006796695,1.412974743111547e-41,-0.033514832942202574,2.152581977691936e-68,0.019225898011492187,1.1988626673138662e-23
business_administration,1751,26.495,30.917,0.169,0.444,0.891,-9.683,-0.029099280007987813,0.22358666021264656,-0.0808131455803607,0.000712445623046738,0.04963621204821136,0.03781800453694169,0.008049419229716191,0.7364241255439546,0.07660514838068516,0.0013367808933583756
industrial_engineering,8462,21.511,30.941,0.098,0.552,0.953,-9.35,-0.0685095288664117,2.8154600154104616e-10,0.02730662144938983,0.012004580963370053,0.04037105856980938,0.00020347369660355104,-0.0024691678594337433,0.8203433448642407,-0.008074898917871021,0.45766012143050744
development_economics,69102,25.75,33.503,0.111,0.182,0.23,-10.245,-0.07885473430519366,9.811646228207828e-96,0.013232206958611747,0.000504277544092429,0.04925995502237797,2.1524690593185913e-38,-0.0046013660316821595,0.22644871892436882,-0.00464808055413041,0.22176909069468562
