name,K&D,K&D_p,K&C,K&C_p,C&D,C&D_p,avg_age
quantum_electrodynamics,0.0066729591054446565,0.021032076792044545,0.04576655217441722,1.8276462398425835e-56,-0.041638770636273165,4.873297503756918e-47,-1.7801695107977853
mathematical_physics,0.0012440582603536745,0.8127349162464623,0.05575494194810022,2.2710138897662685e-26,-0.039110984166209194,9.295817127279731e-14,-2.2824073022865057
virology,0.026009701344539997,7.100448805669107e-76,0.029512167231187436,3.784847444050426e-97,-0.0434107963254155,5.675713764041863e-208,-0.23519679419859874
clinical_psychology,0.02949690890476353,5.328867260102802e-54,0.033645161374189964,1.0268664573242009e-69,-0.04121134170736072,1.1251633745946364e-103,-0.18789393975816726
pediatrics,0.015100675936797758,3.565397290943392e-11,0.011882951218211523,1.8870866259061735e-07,-0.046983091651488285,2.2053968635723682e-94,-0.5948203430040033
general_surgery,0.026115141991211427,2.2398656759057566e-23,0.03586926575288937,1.2543108044959388e-42,-0.05175434416048971,7.724772771002385e-87,-1.5181651912116656
criminology,0.01805153932516483,0.0019280287257135871,0.036704691565489,2.8419412342902013e-10,-0.0778894015979199,6.045963995458464e-41,-0.8672113949674197
reliability_engineering,0.009609516326077169,0.05684682644999353,0.04030766544561168,1.3326191122120817e-15,-0.10113698183479594,8.133360003075052e-90,-2.2034375996461595
environmental_resource_management,0.03950871831700395,2.6120127794732157e-40,0.017238534503707166,6.738734248324382e-09,-0.062302529590710316,1.2039159128195918e-97,-0.6907544106073737
computer_engineering,0.013543319499233914,0.20633990328280577,0.03849859881846179,0.00032641953823195656,-0.04379407297909733,4.3493670684287396e-05,-1.5274679884345312
food_science,-0.006969597913363285,0.0036601993706655307,0.030472806481346558,5.28541071642808e-37,-0.11774780541403065,0.0,-1.6063635575545254
psychiatry,0.030030324775450104,2.7481567199759566e-68,0.02455403185819254,3.031779996981966e-46,-0.03089676907056782,3.5368780993463527e-72,-0.3226369046823987
statistical_physics,-0.0004044996499646923,0.9182507930117089,0.05485898730053283,4.142805011782253e-44,-0.019780431332478483,5.179032023179768e-07,-1.7319446412545463
political_economy,0.02260862960543158,9.91237950609221e-07,0.0569957475012315,5.214916452787746e-35,-0.06146073119980899,1.93645586117272e-40,-0.3408090321986838
risk_analysis,-0.00928276575679116,0.18637994835576058,0.0698558607585006,2.3826459737239698e-23,-0.08690930806567848,2.80309311256874e-35,-1.5113852174413474
economic_history,-0.048989052047730845,0.00011533930713292717,0.036060912892713855,0.004546860759619529,-0.03591254155307399,0.004716037035388943,-2.777167660286581
nursing,0.020478800342724007,1.1112832467467215e-22,0.017707295491418012,2.358329609648095e-17,-0.06248869564776935,7.171253081646929e-197,-1.1916471506635442
archaeology,0.005474998144370592,0.21792658995056052,0.030941933976878926,3.2933920732520708e-12,-0.058489432189217996,1.2503728399796512e-39,-1.6096714032664592
management,0.035393825086204735,6.47836060916603e-14,0.05227905796093175,1.5827698545624274e-28,-0.0538449229174665,3.662639690514377e-30,-1.79326794709767
mechanics,0.0042094400196221494,0.05448446425237986,0.049673371686687555,3.925755245924247e-114,-0.08821216911801683,0.0,-2.61112674439701
economic_system,0.006904625553123749,0.2066756216689478,0.04838240650839355,8.478232014384753e-19,-0.07517804115212001,3.952166967667136e-43,-0.6057488434849653
data_mining,-0.0015338546212110434,0.48619424634098085,0.04360949776374985,2.5269069780276887e-87,-0.039960672157827726,1.2956527745368456e-73,-0.9449575410518073
commerce,-0.020524382680564814,0.003627343688408279,0.07690659842780091,9.793186137989387e-28,-0.08412792764051953,7.048062987179154e-33,-1.711733568592854
knowledge_management,0.018055523886937805,3.70408586761087e-11,0.04436760663397934,1.8138777408099902e-59,-0.05531198388319805,1.9346877916413103e-91,-0.638436802730017
petrology,0.08394886311656585,3.844420441983909e-35,0.020303738548321845,0.002821171238522828,-0.0343333371384379,4.389666750523075e-07,-0.10903800581935987
geochemistry,0.03763195992228401,3.3001703163326743e-37,0.02374226393899731,9.017165843072437e-16,-0.04257193841050442,3.867302730092746e-47,0.2567806463860282
cartography,-0.027325084436220913,0.00016014721127123566,0.04161178696320334,8.934129536447617e-09,-0.08152780355628128,1.6622795713410048e-29,-3.4976733346280833
ophthalmology,0.042040496693235396,1.7936383324397723e-20,0.01940430188869566,1.8771934397379363e-05,-0.05005923410827881,2.3202458899607676e-28,-0.7356142907613495
mathematical_economics,0.025197791798132217,4.0838040069961015e-06,0.0707826711188021,2.177426753548483e-38,-0.01929905836042616,0.0004181796360210024,-0.6651654564602849
orthodontics,0.013058318749060344,0.0031438289510600332,0.04394801012603179,2.683631679931897e-23,-0.08279295389056504,1.7247970830468822e-78,-1.7656679456826407
embedded_system,-0.00993041336832844,0.0007597095108954847,0.06063372676292315,4.3844280519444847e-94,-0.12715832043886172,0.0,-1.09564776249206
law,-0.010543458264791113,0.002693741091517753,0.05408736016843759,1.5339784123465034e-53,-0.05809936224593812,1.6364105322370505e-61,-2.099838870794279
positive_economics,-0.0037256190310487177,0.6805197610358897,0.06455572946136565,9.191592476206306e-13,-0.05265860174791222,5.7514550590481e-09,0.42636624788010935
applied_psychology,0.013775375103127395,0.0015838010287221097,0.030549807350703773,2.438767696300616e-12,-0.03848459761026013,1.0668503070792373e-18,-0.5049506919039287
control_engineering,0.04142689555297202,9.674230303741921e-82,0.028632993927958577,5.662982655907559e-40,-0.07586517068282861,5.649588456139789e-270,-1.8788157268884562
regional_science,-0.028785028318093937,0.01922159428863851,0.03079145385352685,0.012263463198267753,-0.07284382836252146,3.004676048229292e-09,-1.5625322391559202
geodesy,0.024862810283016235,0.0001121385194392343,0.01905576618107176,0.0030731047452029585,-0.058844216722724496,5.767832467323105e-20,-1.2757430945251929
electronic_engineering,0.004429905814815769,9.660305336531662e-05,0.022059681419886863,5.432994068384158e-84,-0.07878666546987508,0.0,-1.5481674490231134
public_administration,0.028696415833841027,1.8387756123403352e-15,0.03206286546014327,6.388748548683472e-19,-0.07737767629519599,3.0288996928573036e-102,-1.3494601349915505
advertising,0.01673278833120229,1.2992448501441124e-05,0.05511288974999183,7.841290739721837e-47,-0.09399175351983416,4.888370820837432e-133,-1.8572419157416173
urology,0.020917376920549777,3.531238880265692e-09,0.011301806560976147,0.0014220111327747913,-0.044315612980125,6.20758716903216e-36,-0.799861784989274
astrobiology,0.02383005321648249,0.005257747716266486,-0.0071768511875242745,0.40068851572300934,-0.0757196879163164,6.732485197708223e-19,-0.8322469391274357
mathematics_education,0.02641079754012162,2.532369379697451e-16,0.028318644250151764,1.5517120112479485e-18,-0.06414529029700894,2.863785654357542e-88,-1.714607496685905
classical_economics,-0.07485325275127253,0.007473448627491413,0.06241559773503816,0.02577764082105618,-0.059670429762079584,0.033063927928302955,-1.8221554116558742
earth_science,0.023422120604184422,0.049461915927963424,0.022958636326806434,0.05414159623776766,-0.04798634171557695,5.655538865017584e-05,-0.47236643227968717
human_computer_interaction,-0.020701235077044917,3.912057166426896e-10,0.053356816757756734,1.3731658194322403e-58,-0.07505666819193497,3.009656556422e-114,-0.8744645592971266
traditional_medicine,-0.049384845563480335,4.5447841452124884e-27,0.05758338681420605,3.2508739434820196e-36,-0.14449167003111718,3.859858772446211e-220,-2.521932238031601
seismology,0.05060974337447245,9.269011311102711e-38,0.009172087363326462,0.020000679589385326,-0.05485809501828733,4.530744089331347e-44,0.06670278012413236
environmental_health,0.025172166239680507,3.2427275333410958e-18,0.018414762314034147,1.9406695894263794e-10,-0.05831780455879981,1.5954490973407186e-90,-0.6566391085359589
nuclear_engineering,0.015084606672428197,0.007786625074460682,0.0028106138909887216,0.6200259962033401,-0.08945708514930598,2.5480039904449274e-56,-2.541641760224321
obstetrics,0.02826475990310065,2.1379858286560678e-21,-0.0042002793445711445,0.15819023503938803,-0.06356681510429436,2.1264126861745913e-101,-0.7244640861525957
media_studies,-0.0021128971883795705,0.7476492478279576,0.06395249346485467,1.875674461714311e-22,-0.07660669874719707,1.5678588753225386e-31,-2.4653022339730897
agricultural_science,-0.028117607171343532,0.021167424976276276,0.03572568549577605,0.0034002721322832583,-0.12260838295870569,6.300065424926805e-24,-3.1595161656451665
combinatorial_chemistry,-0.006945049767180934,0.12684995677290326,0.0405107972170943,5.171584438461484e-19,-0.06777971417356934,2.588508797651487e-50,-1.7100492133513527
environmental_chemistry,0.01738880945333711,6.2785731132965375e-12,0.007036796875614718,0.005415485454846132,-0.07357333416204766,2.1118820220329654e-186,-1.1097869414682457
atomic_physics,0.01878236882973283,4.3429985297502355e-28,0.02030438230378518,1.520473725573945e-32,-0.0158593123691994,1.7250853714126756e-20,-1.9126912216964078
oceanography,0.03375667248384942,2.355982165754791e-22,-0.006091791450594542,0.07933947145069468,-0.05091598668333075,9.462129638990623e-49,0.33883692982914465
toxicology,0.021068736468289835,1.234977280531237e-06,0.0015466532891998247,0.7218448253950353,-0.07007102649915536,1.1703873028192693e-58,-0.7402186186745515
welfare_economics,0.01639971591643153,0.04016609298507418,0.04502994424591458,1.7312526487584086e-08,-0.024614795820734198,0.0020684822487426376,-1.0089283348787919
polymer_chemistry,-0.001401558019310854,0.49848972578468526,0.03625682963018499,1.0890951629597725e-68,-0.08751328255750279,0.0,-2.19903993504846
algorithm,-0.00510226693630523,0.010438924530523001,0.05097744644911708,1.4058715757256825e-144,-0.03451325981141296,2.8912939102942285e-67,-1.4162293813151934
molecular_physics,0.014313833001499732,0.004981490749724614,0.030123674656082455,3.4004380377393868e-09,-0.023917799304835848,2.694125267958076e-06,-1.6898827178970857
marine_engineering,0.00841240497585096,0.05711158582139888,0.02809859543800681,2.0760402630497575e-10,-0.11207277287869027,1.3410845923437565e-142,-3.561114122889368
cell_biology,0.017469241144716208,1.5193947990690253e-31,0.06402145922920557,0.0,-0.03494627109411971,6.713683430418052e-121,-0.13601055743948684
speech_recognition,0.010705242812054473,0.0006080644523747151,0.038591642263636206,4.2001759353484575e-35,-0.06083127785194142,1.1720139176512956e-84,-1.308857579078159
labour_economics,0.023190488904171285,2.4420705176719514e-10,0.05553181752831614,5.682934894848566e-52,-0.05885368757495653,3.650394307219572e-58,-0.08541917267508445
epistemology,0.007913251158895039,0.029935570878945106,0.04936496971531797,7.819738385883577e-42,-0.029456665892180815,6.327286775532342e-16,-1.2632321937718833
operating_system,-0.04235334503349339,2.5920204556784533e-29,0.06958522101060104,2.926712295390874e-76,-0.12371113544542489,5.2749838509688434e-238,-1.054456321917342
geomorphology,0.04284787345297908,3.613085737863313e-58,0.014066010274855916,1.3200754081768466e-07,-0.05306011812053063,2.9908273165035505e-88,0.4353103933997384
pure_mathematics,0.026682867162173877,6.028966035584983e-12,0.09588579686710938,1.7751403608767942e-135,-0.020972464213004888,6.429414304695274e-08,-2.2135300723983717
medical_emergency,0.02184274499803552,9.288763616768698e-09,0.02459732579939489,9.949711667178307e-11,-0.07440656445397652,1.9215586863772998e-85,-1.378322708579169
economy,0.00017231857462474305,0.9686104449677465,0.04445571333822226,3.0827588053371956e-24,-0.06276999905136867,1.0890862282342177e-46,-1.4536501308943897
economic_growth,0.019184138466588167,2.5568994414572683e-08,0.04055403591230712,5.127921009679509e-32,-0.07478629011115112,8.65149688326645e-105,-1.3227329383852044
classical_mechanics,0.02968979072352315,1.2187543995470296e-48,0.047457292214800335,1.835034054238046e-121,-0.03359339306273641,8.961402415432309e-62,-2.1632285056377767
computer_vision,-0.016332068532990417,6.37082957484954e-26,0.033915523708817584,5.131750850203301e-106,-0.052442431049657734,7.445976569408255e-251,-1.3161526257109422
water_resource_management,0.014430442152671221,0.12492385334172758,0.02355231408527143,0.012258927235585488,-0.08915058235361373,2.138383596760862e-21,-2.3095794392523366
medical_physics,0.008554263335764716,0.10198759843460131,0.0395470985846727,3.941143479281908e-14,-0.05060902091110925,3.638462526001661e-22,-1.3280351618000505
classics,-0.03236275286459734,0.0030041413743624582,0.04657910865281149,1.9372784310306165e-05,-0.03691463268588326,0.0007119406711033941,-4.292300960784671
database,-0.08593090568435824,8.015434048025315e-197,0.08708057156308925,4.348580209317552e-202,-0.0980300865546904,8.48335353117426e-256,-0.6377169210086322
chromatography,0.018768125808103442,3.040594361864542e-51,0.007776497106755038,4.405690056768467e-10,-0.018018450465186818,2.270941246381617e-47,-1.175286563319895
social_science,0.0127650888892303,7.038746909196188e-08,0.04154993632777948,5.770886563308446e-69,-0.043793493941824274,2.0518400890111206e-76,-0.5118900738134066
genetics,0.019133324107205953,1.8488689894566085e-58,0.0306720355295714,2.7667484894028e-147,-0.01407466977831939,1.9683031766189013e-32,0.407061268005188
psychoanalysis,-0.020144879093498665,0.007790106078616848,0.06551052204036095,4.634458652291995e-18,-0.0385038500729008,3.6275811848650375e-07,-2.9348079444471424
environmental_planning,0.011313812588621932,0.07958574223717871,0.0372105836599715,8.038124278745904e-09,-0.06784512751748331,6.660684398255411e-26,-1.762697696191527
automotive_engineering,0.00671660718394726,0.005313498139115409,0.027275584036441976,1.0290398193177328e-29,-0.11382462789808756,0.0,-1.9746360014100606
operations_research,0.02847173984582123,3.6978070077812695e-11,0.03880808918952462,1.8975312573466433e-19,-0.05705502107149546,3.672101601928654e-40,-1.5326845283461334
internet_privacy,-0.017556933452727384,0.003600935898028191,0.07225631891268372,3.74020618775006e-33,-0.0872454447685265,1.3435139868087971e-47,-0.9797962932042077
combinatorics,0.03377492725660832,1.6427308026861272e-45,0.08137548244356445,9.211036709861116e-256,-0.020225058363960227,2.308105958578685e-17,-1.6549151903110562
economic_policy,0.009965069287331253,0.19684412288336064,0.048627608569645125,2.949205580760868e-10,-0.10791698836524255,1.2245360780250026e-44,-1.0161422772811526
acoustics,-0.019725040697045528,1.421746099579208e-21,0.03838579108984978,5.493406194174767e-77,-0.07141918144098795,4.3404588637801716e-262,-2.709936355060124
astronomy,0.036031468325257165,1.2602802063483794e-27,0.010414949385035408,0.0016474420186395609,-0.03500431081527951,3.6434829306339633e-26,-1.621350334952361
agroforestry,0.022762591703357964,4.787440419930136e-09,0.0021237014362306583,0.5849747612894284,-0.060642845396923724,6.291545736580866e-55,-0.7436514141963557
financial_system,0.026162999762061098,0.0007312616355821898,0.05245215050836695,1.2444559696438294e-11,-0.06679975628183735,6.036340173395749e-18,-1.0476420056100981
physical_therapy,0.03776310908251417,1.8046260770191497e-144,0.01845203471915799,7.258990062382405e-36,-0.03813852609267399,2.558100689335205e-147,-0.5297544495833988
geophysics,0.044545545448306655,9.482832515850241e-55,0.029264466617543443,1.3887019786656602e-24,-0.03510279922220408,1.1964397839388234e-34,1.789451412316481
industrial_organization,0.032333055799388256,4.39304923438866e-09,0.05029843490494349,6.668685981455107e-20,-0.031922729450853456,6.866614029409542e-09,-0.694151704008517
metallurgy,0.015025291418293682,8.778418994128973e-19,0.014510636807980296,1.268700948392499e-17,-0.11972380984693787,0.0,-2.903194367447818
socioeconomics,0.006776644046568879,0.16999910270098806,0.0431535903229731,2.286788684889228e-18,-0.08715147822101688,5.895372135060836e-70,-1.1743805219863919
communication,0.03466320684791093,2.076931138469062e-24,0.04301103394367432,1.0783261968758567e-36,-0.03695030854895935,1.626039296728335e-27,0.7946431377478865
evolutionary_biology,-0.009392183669245782,0.05507413350393464,0.012428176018443295,0.011135611552428693,-0.02893507611599852,3.4023605654527744e-09,1.3967360634484862
photochemistry,0.01165321342044608,4.570193507107849e-11,0.028151966362846413,5.483824880520437e-57,-0.023617001322574122,1.258263619752044e-40,-1.200377987058748
operations_management,0.04719250386936839,3.3900862451580616e-46,0.02180493446974574,4.391682771165991e-11,-0.0712690311923314,3.838679072663573e-103,-1.5343011372569573
aesthetics,-0.01934029804522663,0.038893889807464166,0.046001130997897835,8.900868943031331e-07,-0.035060158349597345,0.0001805389564988502,-3.5482666948361765
library_science,-0.006299832191651147,0.3727047479047707,0.02986260609228631,2.3743639121482855e-05,-0.029850852501909005,2.3919777337666938e-05,-2.12109150931248
telecommunications,-0.008890042584015309,0.015584344156652797,0.021661105522517335,3.783109029400698e-09,-0.08555409040938387,2.980042964381804e-120,-1.4670015004524264
macroeconomics,0.035056157401582036,2.148831550857804e-12,0.04766402168070013,1.2563463310934992e-21,-0.03686503957574572,1.499888950259173e-13,0.2509875710569419
marketing,0.053355021549363925,3.944895013985687e-107,0.04456169321324664,2.831315920968803e-75,-0.059813174843261804,3.5539716932315886e-134,-1.0316959092096203
computer_hardware,-0.019954043258893727,1.115540335303171e-18,0.03233643855802622,2.1819999198637828e-46,-0.10448496195860847,0.0,-1.5308140124690544
financial_economics,0.03942719481689861,3.638043122496819e-21,0.06081173949960901,4.243396381327394e-48,-0.030369762484403526,3.536602945161193e-13,0.03535245624343429
animal_science,0.010062475096354793,0.005501513210342901,0.042462842233283234,1.007747129998804e-31,-0.07137783588927253,1.5461277815436066e-86,-1.003123202104052
applied_mathematics,0.019651175030922015,1.047690300189289e-05,0.04027894403150968,1.6252486696658814e-19,-0.018140100435799694,4.738816221636468e-05,-1.6886529538252604
international_economics,0.01638300024987828,0.01107568828050914,0.03433954923607772,1.0050597437137822e-07,-0.07386909668599909,1.89189080606852e-30,-0.3278557947048536
paleontology,0.0035436571061697696,0.2248890222712673,0.0230535211219124,2.8711147754564205e-15,-0.030928123848110358,3.151795402272149e-26,1.5249080084595543
nuclear_magnetic_resonance,-0.004167047001977,0.04304930258705017,0.05346994112827715,8.378517782385885e-149,-0.03775265140851699,4.2281552584954316e-75,-1.805541278398418
artificial_intelligence,-0.00683558861637812,6.145250339415501e-10,0.04300477491236896,0.0,-0.04558741248317483,0.0,-1.1773730154977495
nuclear_physics,0.014496329218676912,8.205562636290353e-05,0.013094087042874047,0.00037465113314317047,-0.04378156696516648,1.1903788759574158e-32,-2.257088907896648
keynesian_economics,0.016918354944975213,0.17646701007055718,0.05350141536726654,1.891559781199581e-05,-0.038468086228653976,0.0021094449282605906,-0.005913065358243694
social_psychology,0.023020048651255825,1.693484125250359e-69,0.03623468390823104,2.1713705944296255e-169,-0.03357725705657897,9.938704954882507e-146,0.23183539134300185
anatomy,0.02107602402302712,7.524155660903149e-63,0.010495329573020878,7.951621137662821e-17,-0.0383422165797546,1.2272855341683083e-203,0.25366356581826194
multimedia,-0.025070414796127715,2.7361714342918008e-21,0.0592430671924287,3.9398645383096916e-111,-0.10392231859481293,0.0,-1.0063378195031425
medicinal_chemistry,-0.019192949208687804,1.8902702324651042e-05,0.056193071745901275,4.968518953748554e-36,-0.08895333882349721,8.625088457580483e-88,-2.637092355142235
organic_chemistry,0.013697540649702161,1.474891082162542e-43,0.019576674823344346,4.396321700707776e-87,-0.06496675558360428,0.0,-1.5898757724073787
computational_science,0.02704615387384343,0.004356806698099853,0.022136462487858853,0.01962717509194007,-0.020399448483767606,0.03153451765781722,-1.5063521494300234
ecology,0.03592474546444838,5.107915327257441e-221,-0.006699300560301039,3.2955705489490614e-09,-0.03658817590604781,3.491422343165606e-229,0.9562703282064489
programming_language,0.01828088549289484,1.4459137327224806e-06,0.06810136472767445,3.3550463955427035e-72,-0.03129902272353862,1.5669591575015333e-16,-0.5672457985028981
visual_arts,-0.015859822873970045,0.10135578603092217,0.048423818221936504,5.592280512386975e-07,-0.07118193839472518,1.8123645365276167e-13,-4.748070993817595
dermatology,0.021915617646157796,2.360953802517598e-13,0.03461202486699651,5.635409067262202e-31,-0.060245841368941164,2.3550775517340453e-90,-1.3173765156957271
electrical_engineering,0.004882466321743138,0.0006653515835697499,0.020451130291934946,4.0267243079635154e-46,-0.09333237231538319,0.0,-1.6675414862621925
fishery,0.03239449341052566,8.24398112307404e-33,0.005851098682377605,0.03121854539600642,-0.057279763714381114,6.918584447079002e-99,-0.42388656556696097
geometry,-0.035756604364793505,1.2091787498193477e-28,0.07806144808820267,4.142775972242551e-130,-0.07383467481621751,1.4255597822506963e-116,-3.6840867827923334
computer_security,-0.01765899962279324,2.212143787364255e-10,0.0712526927650244,6.1257287138239015e-145,-0.09032888294791111,4.873505497154872e-232,-1.029167714357556
real_time_computing,-0.013893856876944026,5.737588380397525e-12,0.06028473008183284,1.754501726118817e-196,-0.09770386314422472,0.0,-1.0063562798140515
systems_engineering,0.03887592151233502,2.3970291722422617e-23,0.039464643687463996,5.200411053881686e-24,-0.09040453434239977,5.900204103569151e-119,-1.249005568814638
gender_studies,0.01683454647098356,5.675115308594043e-06,0.04058244625149852,7.12484270387718e-28,-0.07528240432895138,8.294461427633042e-92,-1.5250952241429827
crystallography,0.015569442323231151,3.766284066262439e-16,0.03785027143527947,2.4918566161177113e-87,-0.014094678365445843,1.653594671321249e-13,-1.6733397859028494
emergency_medicine,0.026926300288147298,1.3171690181923044e-09,0.009601021717284376,0.030592161658827118,-0.06285544375510661,1.405819536534261e-45,-1.1917328256642903
mining_engineering,-0.011565144019699446,0.22233539627441648,0.04776335765470674,4.5913385078761274e-07,-0.13756742941959246,3.505797507194312e-48,-3.842864791200234
biotechnology,-0.005873978472737277,0.19246332334208913,0.037942496183000704,3.710813611488442e-17,-0.07388774018497515,1.4545883871394023e-60,-0.7338363162702575
neuroscience,0.02540513425375598,1.5140064315054924e-44,0.03057519445578339,1.0010968559661277e-63,-0.031571519926506274,7.938374268684342e-68,0.3183181946963515
geotechnical_engineering,0.028429343539807514,3.4723045420839186e-23,0.02563799655810258,3.754390295078558e-19,-0.10039639787607854,5.2982297548820494e-270,-3.356195781472133
econometrics,0.03110317139263869,9.278622562365772e-36,0.03359313211493186,1.9815382555731489e-41,-0.020755306856033884,8.176806042542684e-17,-0.6689428290792643
actuarial_science,0.020906972023165125,2.000045847477189e-06,0.06597691859963134,5.832652781799337e-51,-0.05518385849995092,3.740057909539737e-36,-0.9346027554633448
physical_geography,0.019054457777997656,0.02527488299753756,-0.008171875092559493,0.337364776244138,-0.05953957678876454,2.632100127894528e-12,-0.692125629273424
literature,0.0076589026114558915,0.20341136235424065,0.03215281812504323,9.252180955100608e-08,-0.01542722701627532,0.01040500461319857,-3.5814839734101245
natural_language_processing,0.012455576749273067,0.0008691172917623792,0.044498373433496836,1.1648092989130454e-32,-0.04167723679181839,7.479735105982901e-29,-0.8131051267128724
cognitive_science,-0.006616179593340323,0.3206669812474684,0.05423790782095627,3.730186171931059e-16,-0.04258077799324106,1.613875908950734e-10,0.5153292126719143
market_economy,0.003016768348021102,0.6902491051541153,0.04579032413146177,1.4297693774221713e-09,-0.047040163504169216,5.052561911501602e-10,-1.0360536495122772
soil_science,0.042083833306903906,2.676608751951087e-15,0.004981811288542632,0.34958916299255294,-0.058662268010222535,2.931728048801637e-28,-1.1476577703641924
microeconomics,0.02936300483445788,3.0008702526072566e-23,0.08508956177404416,9.160704861807056e-183,-0.03608753943419285,2.7916966569726408e-34,0.31582016135016805
pedagogy,0.026334135258389346,1.9425136323563435e-39,0.019411207506526217,3.4962687780419557e-22,-0.07691724802675616,5e-323,-1.1362405983049917
audiology,0.02338433543622781,2.5580115098981403e-10,0.029331051750156593,2.1540802633563204e-15,-0.05012544714461136,6.794740565988084e-42,-0.7329007180437982
agricultural_economics,0.01419082810964034,0.021385441632194493,0.026405704688298004,1.8493790092300857e-05,-0.10147835074556741,3.858177083429143e-61,-1.4524321187118634
world_wide_web,-0.02882081987811217,1.446020624865547e-28,0.06730493349433943,4.393254355433948e-148,-0.07966532446611263,7.871162516529014e-207,-0.6685774292375576
aerospace_engineering,0.030397733590519567,8.752196230989707e-09,0.028973331688144498,4.1679471409929595e-08,-0.09377737127955095,9.390147844504922e-71,-2.257493799709228
veterinary_medicine,0.028139861079206855,3.6079777907651314e-13,0.008679545659749068,0.02497249734719877,-0.0630373770341627,1.0240915893410014e-59,-1.660924020594711
management_science,0.02929058036424992,6.683855805094743e-12,0.027372696707084164,1.4116968764915097e-10,-0.031153710226365178,2.8545208810348637e-13,-0.24607199858130874
mathematical_analysis,0.03398986823569446,3.482696751370287e-114,0.05926361401775284,0.0,-0.029404560331382404,6.271693056821224e-86,-1.7160624589608575
climatology,0.04066990954935359,2.1301619286929852e-46,0.010414405957290998,0.00025134538818055594,-0.033110898912458664,2.5185365920591403e-31,0.058005582629784704
nuclear_chemistry,-0.012435604457532683,0.00040708430942664077,0.020567994453726514,4.9786943789235816e-09,-0.11771105366406548,3.197957225689974e-247,-3.1598292975472386
accounting,0.030424303657377284,4.68544748390567e-09,0.03992399772092767,1.4903660017314953e-14,-0.06969283450530643,3.9229956486060464e-41,-1.0239054463549708
biomedical_engineering,0.011318467425883487,6.132822279041342e-05,0.008712055314968555,0.002037419062398933,-0.08907290101991658,3.6073682403957104e-219,-1.1664149482452744
gerontology,0.03482908690630891,7.88924317201311e-35,0.012683311958029403,7.393602219482315e-06,-0.047805312929624734,4.317151042708233e-64,-0.7703614618828089
neoclassical_economics,-0.06243282455120455,0.0003373055992966236,0.05249145805339722,0.002585608735353402,-0.06054078541597586,0.0005089857800938159,-0.2268225216382618
physical_medicine_and_rehabilitation,0.03137365812110944,3.361962964099492e-19,0.030211420932911057,6.45309067648525e-18,-0.052855743956847126,1.735597317536273e-51,-1.05641397242173
ethnology,-0.0613367071925576,2.2211723764479226e-20,0.07750151426685822,1.339372210821809e-31,-0.08263545914852062,1.0463158006580892e-35,-3.3299007026549416
agronomy,0.017220354013872126,1.0092432946120992e-16,0.007457069754995598,0.00032364607840362417,-0.07867405589648566,7.56271976e-316,-1.5610507699244678
optometry,0.04707115726777369,1.1989621865852905e-09,0.00756036079238428,0.32902644170467304,-0.06467849695275826,6.329527105640575e-17,-1.1584614481868325
natural_resource_economics,0.00657511357275988,0.3308601002596097,0.01336065039321017,0.04816024056657579,-0.07062911300921365,1.3442139147064542e-25,-1.0042427813789039
theology,-0.04644974784478417,0.00010990435207975878,0.05265814384314818,1.158624788459629e-05,-0.0336531824004299,0.005088180903915841,-3.7163234912350216
genealogy,-0.04527189368005044,0.00018447063333449366,0.039867840838358454,0.0009925142751523773,-0.03857214226754308,0.0014447974109365934,-2.5178743678933677
computational_chemistry,0.012399508559512416,2.997282941286915e-07,0.01748334737907533,5.026079807876414e-13,-0.008055745839361026,0.0008726745623829165,-0.39402725984415266
zoology,0.019407536066948387,1.2027784402334616e-10,0.0035081957170695235,0.24449130635122543,-0.036625734794490286,5.427711821275699e-34,0.775744581590062
distributed_computing,-0.008055290941900859,0.00034703981087492547,0.04659156676119764,3.292992479628358e-95,-0.050901070496852,2.7738724348876086e-113,-0.7693364395492055
biochemical_engineering,-0.03149742615037914,0.004961290571923053,0.047612811436674125,2.1533434521370066e-05,-0.07871660608805599,2.0563973056814917e-12,-0.547616028404768
theoretical_computer_science,0.022181614747708793,9.04491927891222e-16,0.0594879719532942,2.9941791255967955e-103,-0.024929304439097126,1.6356292174026243e-19,-0.5655308045198436
nanotechnology,0.01466088647050464,2.340126317432663e-09,0.03153393195415266,8.810907957618539e-38,-0.0655135899542734,3.166921439646517e-157,-1.1698534198866042
construction_engineering,-0.009200097983671114,0.5105601898833299,0.05840239975549411,2.9117781260678827e-05,-0.11667037892593632,5.646928016184379e-17,-3.5290229993579816
andrology,0.015799852270710166,0.0046157521377079,0.006720157607329394,0.22829234487449115,-0.04482009538985464,9.045705118175684e-16,-0.06955790260772035
quantum_mechanics,-0.006148504698592642,0.011018224308881507,0.045924202862157426,1.7933447530569868e-80,-0.027559468563399324,4.347021706223305e-30,-2.4906263142795866
aeronautics,-0.00466778727432021,0.641953674619421,0.019524938946176226,0.05176310427220671,-0.07556383769547935,4.778784200222116e-14,-3.0247597418783063
cancer_research,0.024155152495593336,6.209621149939135e-31,0.06204839261895846,3.011653493088124e-194,-0.031702067933013396,4.818254651363879e-52,-0.5095192566830508
process_management,0.01611981379295621,0.015038692061599626,0.06753280005640916,2.0375965835929217e-24,-0.06542887689797146,5.1360266394377695e-23,-1.2748443825360205
ancient_history,-0.025949008431114768,0.0012991042414967652,0.04135087207417522,2.952591556830176e-07,-0.07322951011344517,1.0190219244436738e-19,-3.564397589495031
molecular_biology,0.009363756911222607,1.6195098265612438e-14,0.036490827743541926,8.11270117646518e-197,-0.01635637816291456,5.15400776718604e-41,-0.11854739109385344
physiology,-0.005350124437759339,0.29108743532018155,0.02772206689946809,4.464873679827073e-08,-0.05395856737420748,1.6467637604136743e-26,0.46106377896329326
radiology,0.03297507580810033,9.486334140971416e-51,0.015533341552266945,1.7082669177784346e-12,-0.040516359081522804,1.0508609524785354e-75,-1.2658388927395599
biological_system,-0.019619890531961018,0.0077173048331436,0.05381023225220725,2.641565486131112e-13,-0.03985072930749962,6.198506110789726e-08,-0.9483367081284351
process_engineering,0.001248812273652201,0.8129557972871565,0.01690281390745553,0.0013608308107113443,-0.08909680628848626,3.490277946356065e-64,-2.2236635258989748
public_relations,0.036295233255318075,2.5796932293812766e-50,0.051063631200169046,7.671351962247358e-98,-0.06368277289005186,3.467236072094713e-151,-0.9098742000563411
botany,0.028778057304223392,4.398250521149289e-133,-0.006227977715431164,1.0856563396778854e-07,-0.05208925919365792,0.0,-0.582014482575763
nuclear_medicine,0.03165047950445667,3.675239059518385e-20,0.015149087848005708,1.076282409566208e-05,-0.052940043345583006,1.894575539607608e-53,-1.2236285746077669
finance,0.05085456467145619,1.3824713027733237e-50,0.0475239624671017,2.1491330943053938e-44,-0.04738263080391533,3.852757359318052e-44,-0.6077014527213153
public_economics,0.03496824914190006,8.366586999836825e-13,0.05745191445068208,6.154496752509022e-32,-0.06123821551339413,4.6156445316344156e-36,-0.26490272913271146
gynecology,-0.03643795580950468,1.9446101398231615e-48,0.015851672687944185,2.0090830690742333e-10,-0.046750178311394094,1.3780759056602944e-78,-1.615699894774796
petroleum_engineering,0.0011422874646080487,0.8052869705676562,0.037906624291825126,2.760511193802522e-16,-0.1409747299412831,2.5711410316912837e-205,-2.4887014341786307
software_engineering,0.018073708642270328,6.514124033537417e-05,0.04665057426365093,6.208250597679632e-25,-0.042003200542434775,1.6337778576310234e-20,-0.9922353292519038
environmental_economics,0.006588502513197243,0.3674421102474862,0.02532421180393741,0.0005307310603255572,-0.10414745566232628,2.691946717274307e-46,-1.3271893388715819
surgery,0.02207938110273582,3.963916407488505e-144,0.042424636844660704,0.0,-0.04074067072549712,0.0,-1.239885845991517
intensive_care_medicine,0.023273744262207612,7.581287804007235e-36,0.01572218325492534,3.100583761282814e-17,-0.04758884867738002,3.4800595248726333e-144,-0.20271142434602377
data_science,-0.003193020327294232,0.5488486356657833,0.03838035591757484,5.656737482736515e-13,-0.04060792272499247,2.3986537962856013e-14,-0.9194195775554386
discrete_mathematics,0.037742192191766,9.414346255998132e-71,0.07195877291720686,1.8009427647165935e-252,-0.020479262848801093,5.046754932834482e-22,-1.562219034154203
environmental_protection,0.011932301135077344,0.020692469925406864,0.014117186400821737,0.006196186708213794,-0.069685857394237,1.0787400272608115e-41,-1.5348703305484073
economic_geography,0.0013852835547723328,0.8861604380726212,0.04577530495540477,2.2100887382518685e-06,-0.05047646797639833,1.7902562677028332e-07,-0.4701195219123506
demographic_economics,0.014326774602189032,0.05079619892723621,0.05799143974387157,2.5259396136544946e-15,-0.06231016124228689,1.852408942601917e-17,-0.3784074012886172
cognitive_psychology,0.019941563009772456,1.2174719835254968e-14,0.05936745408552871,6.785280780690965e-117,-0.032915191504424825,3.773617549396839e-37,1.5008728719801785
humanities,-0.057999056671730824,2.8930460386449327e-71,0.0793490058404984,6.644808782894495e-132,-0.06478593368396743,1.7287962538528047e-88,-3.6900981765188474
agricultural_engineering,-0.08176508490117804,9.923050890072264e-10,0.07538657192788936,1.7758356573564327e-08,-0.12870348067628853,5.285209776631776e-22,-3.2483654069093437
oncology,0.01855895748569047,4.250696092299708e-09,0.04884633193875784,5.67474405454875e-54,-0.0401377259222515,5.331905862915264e-37,-0.5265713659238342
horticulture,0.0048612205641524,0.20262569260061894,0.026141039691196053,7.252355910652465e-12,-0.08701491700609026,1.47907929943663e-115,-2.79905443350587
psychotherapist,0.01808502303926047,1.6946499736980628e-07,0.03123192910130186,1.6627023616401655e-19,-0.05890904587709683,3.5280734393473336e-65,-0.36480528579021115
anthropology,-0.010963591384163633,0.021928520744088176,0.05142421626262443,5.585834480670324e-27,-0.0654178332058859,1.2000706935236675e-42,-1.038093999306278
engineering_ethics,-0.010965641265077576,0.10274231289596168,0.048336274835917695,6.178169857047359e-13,-0.07280598076893703,2.0451245177094123e-27,-1.6457222381187733
waste_management,0.003889983724306192,0.044078666462343756,0.010302982308736499,9.679291290335676e-08,-0.11396087605194596,0.0,-2.306043416511791
pulp_and_paper_industry,-0.03383432688522981,4.044260285471692e-10,0.025860701379218972,1.768016800044277e-06,-0.13944781796520914,9.084817675280028e-148,-2.498022858530325
monetary_economics,0.03367426616152855,8.747676817290116e-09,0.05537797186591445,2.9042299083281043e-21,-0.04158306262715376,1.1972567106585496e-12,-0.16959719981405016
engineering_physics,0.002795508881149213,0.7859596874395628,0.016018686404288874,0.11966495054863587,-0.08181570648317894,1.7056979729255872e-15,-2.4773233480745023
law_and_economics,0.006744457853081753,0.4585111076219633,0.05224736206837907,9.110867138591579e-09,-0.07720524922962986,1.9219249512956646e-17,-0.8759439329678287
family_medicine,0.013013564070956631,1.3977098359054278e-08,0.02787605139345473,5.377634898715741e-34,-0.05043254672893532,2.8350340520036674e-107,-1.1464852860111097
medical_education,0.015067023840150726,0.000208726299547856,0.033462704195333905,1.7584931177690385e-16,-0.04218776556581935,2.8397731709847415e-25,-1.6815146474120741
computer_network,-0.019024517488332615,1.708895971712625e-32,0.055729054351754986,3.106968979507553e-265,-0.08775533339330713,0.0,-1.0026405783299424
anesthesia,0.02744950168177111,1.2014347827251446e-86,0.021810096997903063,2.237871489265759e-55,-0.04623628238175138,2.469135519507005e-242,-0.14918713780193857
gastroenterology,0.02167336225286761,1.787920087195217e-18,0.027775644581966755,2.593826903372897e-29,-0.04547347502159833,1.1380971328374403e-75,-0.4218192351060858
machine_learning,0.026545733806731985,2.293232248926232e-31,0.03220394111170381,2.330226479952173e-45,-0.024838758341361192,1.144044399805104e-27,-0.8099308621007346
environmental_ethics,-0.011529882049574985,0.14550904482911775,0.05185981026024043,5.708306881812164e-11,-0.05795137924378007,2.444351719430121e-13,-1.9424673309767917
thermodynamics,0.0261827591597196,2.206906998769164e-32,0.028639124043600854,2.0666704977784843e-38,-0.04286932288710206,7.102210120736947e-84,-2.029715240867472
particle_physics,0.0020672208308048666,0.5455975080966287,0.04301119871354439,2.702738157695808e-36,-0.043147823936165036,1.627620158787492e-36,-1.7729090149571143
architectural_engineering,0.02174688708838502,0.01620677843274443,0.015088350482884285,0.09531789548610684,-0.07065632461893037,5.2716328503627675e-15,-3.1456244107311218
manufacturing_engineering,0.023783978080870172,0.0010672729705063066,0.026291489459378717,0.000297740160029416,-0.10182096109431317,8.514832012018087e-45,-2.677424584051756
pathology,0.02934152130316025,1.4662969322550381e-117,0.0210595316430949,1.8213321673876047e-61,-0.03289033118623674,3.1978605723271875e-147,-0.35407567634201803
simulation,0.0014497780895521115,0.5086379368941258,0.05032874863623278,1.1807482364340778e-116,-0.08612739022105353,0.0,-1.9018703543322795
demography,0.015454247137786458,4.4055618435617084e-07,0.0034794240345696536,0.2555246211084795,-0.04065064718091169,2.6606486049593362e-40,-0.4162677160694736
parallel_computing,-0.007054870640731846,0.03593666463309988,0.04412784049580552,2.3098410759632536e-39,-0.052305291771854764,1.3082417928767534e-54,-0.7813179073841098
microbiology,0.028062104710325643,4.910313418465949e-69,0.021678221604034344,6.470269406258735e-42,-0.050237060585143295,4.024081355828735e-217,-0.28696927592585275
forensic_engineering,0.014098326781567931,0.0022998298836485655,0.03831583639311,1.1543049938411723e-16,-0.09550647561367255,3.623502170533279e-95,-3.3570529943989658
immunology,0.026245059460608303,1.5093084069962044e-158,0.03065003697338285,1.6485462125644628e-215,-0.0373134223604299,1.944514e-318,0.3707230206556029
dentistry,0.018286943166850037,5.840212480969117e-11,0.023810344435508904,1.5154715824025322e-17,-0.07480427567443038,1.9118413790828244e-158,-1.4237699085502447
optics,-0.004222526398777994,0.00012454957840477774,0.02969259809169314,2.078598348736202e-160,-0.06249241021938985,0.0,-1.897790554134397
biophysics,0.0036046827262837767,0.28999487403132995,0.05329546252969525,3.040538492100641e-55,-0.038558681643744694,1.0113897062674787e-29,-0.3085825868200315
polymer_science,-0.040709251943301585,8.610247462983727e-05,0.0678998874077544,5.5880809338718305e-11,-0.0922649896580669,4.875543397867864e-19,-2.7583459905148633
cardiology,0.016751976298136687,9.750617516756346e-27,0.027776747364950234,1.7044587693453616e-70,-0.03497062062827799,1.1975583373545982e-110,-0.3819100959135259
theoretical_physics,0.018965553907626366,0.003518313280952211,0.06034018576923758,1.5039149706341357e-20,-0.029028409224783853,7.917475861828314e-06,-2.3987425908259175
chemical_physics,0.013978828790172322,0.0011708741003631654,0.03910691641870179,1.0499265136923213e-19,-0.031372365708960445,3.1906595837669005e-13,-1.4349729427525606
information_retrieval,-0.029927595911914802,2.7754972838826086e-21,0.061447311596674034,2.416917751310877e-84,-0.07685850121830423,5.368446921835785e-131,-0.7724989011092889
linguistics,0.029302522580981562,9.315282268259819e-18,0.04447155053913051,8.430396952500216e-39,-0.056182286613165495,6.643879184237691e-61,-1.3501441320304657
remote_sensing,0.04583131848804888,8.067632617013283e-48,0.002999190478503905,0.34200875276713977,-0.08099958533874935,1.0416157247562356e-145,-1.633785058555553
international_trade,0.013573180336658469,0.012722958986880967,0.05164846412972372,2.3949126713066892e-21,-0.07896621189924206,9.499758593711957e-48,-0.6537171328498841
astrophysics,0.033952598949467505,2.049596907646786e-41,0.0025724852809853554,0.3072307944210046,-0.04052404955118597,2.9475482144348422e-58,-1.607167379518503
atmospheric_sciences,0.044533979824125804,1.1765603075743582e-53,0.02543795467741037,1.299586687890822e-18,-0.039087469151895385,9.884105646396018e-42,0.16570994042378018
physical_chemistry,0.020167377055728835,1.1090672625322433e-05,0.029777659847394868,8.599381518160537e-11,-0.028652696789034558,4.253007483936207e-10,-2.3857601066377856
engineering_management,0.01874584341321868,0.010869524193684518,0.04182802380728466,1.3091406088139482e-08,-0.08767899268127077,7.844503861905346e-33,-2.1822191217158937
engineering_drawing,0.011897737411860105,2.2098886762377742e-10,0.02845147442465329,4.950851270265465e-52,-0.062252958508045964,3.312297126117684e-242,-2.89790004953968
mathematical_optimization,0.033439844396861644,9.573557840565788e-94,0.039269861539978454,1.4387886283732313e-128,-0.02256717001426436,1.1209840152900444e-43,-0.912982652490207
structural_engineering,0.004651123674245454,8.459294822730246e-05,0.042551218023098025,1.768723515817729e-283,-0.11687168022600407,0.0,-3.5401528785320693
statistics,0.032568434679914056,8.096077982165906e-48,0.022284141907543267,2.822780694594929e-23,-0.017114255319342023,2.3005621858134004e-14,-1.1738617578661288
composite_material,-0.0005886624672871627,0.6094484690496385,0.023690752643801022,5.947805704240743e-94,-0.10157880437853285,0.0,-2.524186933871568
transport_engineering,0.031223066785195663,4.925681517572448e-10,0.029893045295208927,2.5798849493446127e-09,-0.11256618403763814,4.562622058892583e-112,-2.352815455028827
computational_physics,0.03238731176782162,4.7584897290546985e-07,0.034087603833559965,1.155958364651502e-07,-0.03579637586063505,2.603664323041934e-08,-2.246413106701997
environmental_engineering,0.02204226752670886,2.194440638178879e-16,0.011017391752558467,4.065817120589525e-05,-0.09673077171256704,1.3951107523969023e-285,-1.8648350314906077
computer_graphics_images,-0.02349187616883394,1.3542998850897651e-17,0.03927917021205245,2.8759901547249355e-46,-0.0650424473086206,8.50962734418048e-124,-1.314137287826115
forestry,0.019426924001405225,0.0010163562724684364,0.015232312794887772,0.009984375857813668,-0.08648959344550372,1.2454021157152454e-48,-1.9818670535028586
computer_architecture,0.0009809885121858947,0.907056513431622,0.030653175955180897,0.0002632261076998507,-0.06914159033132743,1.7405369920083234e-16,-1.1267609733379904
meteorology,0.059365557362807936,1.4764084076366913e-89,0.016633425355009977,1.9371089276355888e-08,-0.04230661175161995,2.405103339832346e-46,-1.0907475269333975
radiochemistry,0.0021460873761558943,0.6648159452110556,0.024978493156397684,4.5663796463732757e-07,-0.055513144111850585,3.3959615914622254e-29,-2.4763779115414812
art_history,-0.023731664038236386,0.006169326188808989,0.0270693576498836,0.001784426103586179,-0.03220413746050481,0.000201753476863034,-5.670154692957917
civil_engineering,0.010815226110205862,0.15540673927717544,0.031051332986659762,4.50793973870259e-05,-0.09235498835570638,5.239592575148342e-34,-3.955625922370438
arithmetic,-0.045048539775290344,2.8021498191154327e-12,0.07714680250068277,4.649218000634331e-33,-0.10573704610411558,1.0183654938183021e-60,-2.208057771582787
religious_studies,-0.04036863365898392,0.0009690352653013767,0.046505979277111566,0.0001438318522186419,-0.06643344350613466,5.527273315490075e-08,-3.230430782768689
computational_biology,-0.01697616913544387,0.0003400709378197203,0.04660191321554978,7.599791749120516e-23,-0.03615647120254648,2.3025143116646367e-14,-0.6005695083898841
chemical_engineering,0.0007673858555289907,0.6888596629614478,0.02595423978142235,8.531945656384024e-42,-0.10282283605897752,0.0,-2.064496012727635
business_administration,-0.08462481082337962,0.0003749765697764214,0.04986216699269974,0.036310373482032365,-0.029399914576193602,0.217263451257072,-3.3833417169684776
industrial_engineering,0.02670050927763731,0.013972362821471648,0.04013124369430954,0.00021971519204070766,-0.0678456366453343,4.0583342489141067e-10,-1.951558009378309
development_economics,0.014366077909957942,0.0001540571000794606,0.04903089140111597,3.3279008180758126e-38,-0.07873387160455915,7.766036277460666e-96,-0.6800106208242254
